dam_nm,year,month,pH,TOC,SS,DO,TP,Chl-a,tot_coli,fec_coli,grade
군위,2019,1,6.8,4.1,1.1,10.8,0.012,2.1,5.0,0.0,III
군위,2019,2,7.6,4.0,1.0,12.1,0.0105,3.4,1.0,0.0,II
군위,2019,3,7.3,3.9,1.7,13.5,0.0075,1.5,2.0,1.0,II
군위,2019,4,7.0,3.7,2.3,12.1,0.0125,4.6,88.0,2.0,II
군위,2019,5,7.1,3.5,0.8,9.0,0.009,3.4,5.0,1.0,II
군위,2019,6,7.3,3.6,0.7,8.0,0.012,3.7,7.0,1.0,II
군위,2019,7,7.9,3.7,0.6,5.2,0.007,3.4,44.0,25.0,II
군위,2019,8,8.1,4.0,1.7,5.5,0.015,4.0,16.0,5.0,II
군위,2019,9,8.4,3.8,1.9,5.0,0.012,5.7,36.0,8.0,II
군위,2019,10,7.1,4.7,5.4,5.5,0.018,4.4,1014.0,207.0,III
군위,2019,11,7.0,4.3,5.9,6.3,0.016,12.0,25.0,6.0,III
군위,2019,12,7.0,4.0,2.0,7.6,0.012,3.7,49.0,5.0,II
군위,2020,1,7.2,3.6,1.3,10.5,0.0095,2.1,25.0,8.0,II
군위,2020,2,6.9,4.2,1.3,11.4,0.011,2.1,22.0,3.0,III
군위,2020,3,7.2,3.6,2.3,12.9,0.009,5.2,6.0,1.0,II
군위,2020,4,7.3,3.9,1.0,9.5,0.0135,2.6,6.0,2.0,II
군위,2020,5,7.1,3.4,1.1,9.8,0.012,1.9,43.0,13.0,II
군위,2020,6,7.2,3.4,1.3,8.9,0.011,2.7,15.0,6.0,II
군위,2020,7,7.0,3.7,2.8,6.8,0.007,4.6,51.0,27.0,II
군위,2020,8,8.3,4.6,8.9,7.9,0.0325,13.1,78.0,46.0,III
군위,2020,9,7.5,4.8,13.5,6.3,0.0355,6.6,592.0,446.0,III
군위,2020,10,7.2,4.7,2.9,6.2,0.023,6.1,208.0,174.0,III
군위,2020,11,6.8,4.4,3.8,8.0,0.0145,9.6,158.0,97.0,III
군위,2020,12,7.0,4.7,2.1,8.7,0.0155,4.9,104.0,79.0,III
김천부항,2019,1,,,,,,,,,Vl
김천부항,2019,2,,,,,,,,,Vl
김천부항,2019,3,,,,,,,,,Vl
김천부항,2019,4,,,,,,,,,Vl
김천부항,2019,5,,,,,,,,,Vl
김천부항,2019,6,,,,,,,,,Vl
김천부항,2019,7,6.3,3.1,3.6,10.1,0.011,43.0,152.0,2.0,V
김천부항,2019,8,6.8,3.0,1.5,8.5,0.023,7.7,25.0,5.0,II
김천부항,2019,9,7.6,3.4,3.5,8.8,0.027,25.8,153.0,26.0,IV
김천부항,2019,10,7.6,3.1,3.6,7.8,0.029,15.1,128.0,26.0,III
김천부항,2019,11,7.9,2.8,1.6,7.4,0.016,2.9,197.0,35.0,Ib
김천부항,2019,12,7.4,2.4,1.7,8.2,0.014,4.3,10.0,4.0,Ib
김천부항,2020,1,7.6,2.3,1.3,10.8,0.014,3.8,45.0,1.0,Ib
김천부항,2020,2,7.2,2.6,1.1,10.2,0.014,1.9,12.0,3.0,Ib
김천부항,2020,3,7.4,2.2,1.9,10.8,0.012,3.8,19.0,2.0,Ib
김천부항,2020,4,7.6,2.5,1.3,7.9,0.014,2.2,34.0,1.0,Ib
김천부항,2020,5,7.4,2.3,1.8,9.6,0.011,4.8,703.0,19.0,II
김천부항,2020,6,7.3,2.3,1.5,9.0,0.011,2.4,101.0,5.0,Ib
김천부항,2020,7,7.7,3.2,6.4,9.2,0.022,19.2,1087.0,273.0,III
김천부항,2020,8,7.2,3.0,6.4,7.7,0.038,9.2,4563.0,453.0,III
김천부항,2020,9,7.6,3.3,4.9,5.4,0.039,17.1,113.0,78.0,III
김천부항,2020,10,8.8,3.0,1.2,5.8,0.018,3.1,45.0,28.0,lb
김천부항,2020,11,7.9,2.5,9.2,7.2,0.01,16.7,95.0,26.0,III
김천부항,2020,12,7.5,3.3,4.9,7.5,0.015,12.1,373.0,277.0,III
남강,2019,1,7.7,2.0,1.2,11.6,0.0157,5.3,11.0,4.0,Ib
남강,2019,2,7.8,1.8,0.4,11.9,0.0127,4.4,17.0,2.0,Ib
남강,2019,3,8.1,1.8,1.9,11.2,0.013,5.4,84.0,1.0,Ib
남강,2019,4,8.0,1.8,1.7,9.5,0.009,2.0,117.0,1.0,Ib
남강,2019,5,7.7,1.9,1.9,7.9,0.0103,2.6,37.0,12.0,Ib
남강,2019,6,8.3,2.2,2.6,5.9,0.0103,3.3,659.0,7.0,II
남강,2019,7,8.0,2.6,4.2,6.5,0.0173,2.1,2003.0,34.0,III
남강,2019,8,7.6,2.2,3.0,4.0,0.0267,0.7,633.0,1.0,IV
남강,2019,9,8.2,3.1,7.4,7.6,0.0543,3.0,1922.0,5.0,IV
남강,2019,10,7.8,2.3,3.7,8.3,0.0447,0.9,433.0,3.0,III
남강,2019,11,7.6,1.9,1.8,7.3,0.0117,0.8,38.0,7.0,Ib
남강,2019,12,7.3,1.6,1.5,8.3,0.013,1.2,9.0,1.0,Ib
남강,2020,1,7.5,1.9,1.0,7.6,0.004,0.9,81.0,2.0,Ib
남강,2020,2,7.6,1.7,2.3,10.4,0.01,0.9,3.0,1.0,Ib
남강,2020,3,7.2,1.3,0.8,11.5,0.011,1.1,15.0,1.0,Ib
남강,2020,4,7.8,1.8,0.7,10.9,0.005,1.3,25.0,3.0,Ia
남강,2020,5,7.8,1.6,0.7,8.6,0.01,4.4,15.0,3.0,Ia
남강,2020,6,8.0,2.3,1.6,6.5,0.0153,3.0,20.0,5.0,Ib
남강,2020,7,7.8,3.3,2.1,6.9,0.0293,3.4,23.0,1.0,II
남강,2020,8,6.9,2.6,36.5,8.1,0.089,1.5,15.0,3.0,V
남강,2020,9,7.0,2.4,3.8,8.8,0.057,4.0,15494.0,6159.0,IV
남강,2020,10,7.8,2.2,1.6,9.0,0.005,4.6,176.0,0.0,Ib
남강,2020,11,7.7,2.7,1.1,8.9,0.0073,1.6,4.0,2.0,Ib
남강,2020,12,7.6,3.0,0.9,10.8,0.0113,4.6,2.0,1.0,Ib
대청,2019,1,7.3,2.3,1.2,15.5,0.02,2.4,3.0,1.0,Ib
대청,2019,2,7.1,2.5,1.5,13.1,0.0228,3.1,2.0,1.0,II
대청,2019,3,6.2,2.0,1.7,13.3,0.0182,2.5,2.0,1.0,IV
대청,2019,4,6.9,2.3,1.5,12.6,0.0243,2.9,2.0,1.0,II
대청,2019,5,6.9,2.2,1.7,10.9,0.0187,3.3,2.0,1.0,Ib
대청,2019,6,7.4,2.3,1.6,8.6,0.0137,3.3,7.0,0.0,Ib
대청,2019,7,7.5,2.4,1.7,6.5,0.0165,3.6,42.0,2.0,Ib
대청,2019,8,7.2,2.5,1.9,5.6,0.0217,3.7,73.0,6.0,II
대청,2019,9,7.3,2.5,1.8,5.4,0.0222,3.8,82.0,14.0,II
대청,2019,10,7.3,2.6,2.4,6.6,0.0282,6.7,86.0,24.0,II
대청,2019,11,7.8,2.5,1.6,8.4,0.016,3.9,31.0,3.0,Ib
대청,2019,12,7.4,2.2,1.3,8.8,0.0303,2.4,20.0,2.0,III
대청,2020,1,7.4,2.4,1.6,10.1,0.0137,2.2,36.0,7.0,Ib
대청,2020,2,7.4,2.3,1.5,11.6,0.0137,1.9,12.0,1.0,Ib
대청,2020,3,7.5,2.2,1.4,12.0,0.0168,2.0,24.0,1.0,Ib
대청,2020,4,7.8,2.0,1.4,11.0,0.0137,1.9,30.0,1.0,Ib
대청,2020,5,7.7,2.0,1.5,9.1,0.0135,2.2,57.0,1.0,Ib
대청,2020,6,7.8,2.2,1.2,7.3,0.0145,2.6,63.0,12.0,Ib
대청,2020,7,7.9,2.6,1.6,5.8,0.0197,2.9,182.0,53.0,Ib
대청,2020,8,7.8,2.7,3.1,7.2,0.022,4.9,244.0,94.0,II
대청,2020,9,7.7,2.4,2.7,6.5,0.0265,5.4,194.0,109.0,II
대청,2020,10,8.2,2.3,2.2,6.8,0.0217,4.3,75.0,19.0,II
대청,2020,11,7.6,2.2,1.6,8.3,0.0215,2.6,31.0,2.0,II
대청,2020,12,7.6,2.1,2.8,9.5,0.0218,3.7,3.0,1.0,II
밀양,2019,1,6.8,1.7,1.6,10.3,0.0215,0.9,82.0,1.0,II
밀양,2019,2,7.2,1.5,1.0,11.2,0.006,0.6,4.0,0.0,Ia
밀양,2019,3,7.3,1.6,1.2,11.1,0.015,1.1,9.0,0.0,Ib
밀양,2019,4,7.1,1.7,2.1,10.6,0.0105,2.0,15.0,0.0,Ib
밀양,2019,5,7.1,1.5,2.0,9.8,0.0085,2.0,10.0,0.0,Ib
밀양,2019,6,7.3,1.5,0.8,9.3,0.0065,1.3,13.0,0.0,Ia
밀양,2019,7,7.1,1.5,0.8,8.7,0.005,1.7,14.0,1.0,Ia
밀양,2019,8,7.0,1.9,6.0,8.5,0.02,1.2,23.0,10.0,III
밀양,2019,9,6.5,1.7,11.5,8.2,0.0065,3.7,12.0,3.0,III
밀양,2019,10,7.0,1.7,3.9,7.8,0.0095,0.2,300.0,2.0,Ib
밀양,2019,11,6.7,1.4,0.8,7.5,0.004,1.4,238.0,3.0,Ib
밀양,2019,12,6.9,1.5,1.5,7.8,0.0045,0.2,210.0,2.0,Ib
밀양,2020,1,7.0,1.3,0.8,9.6,0.009,0.8,21.0,1.0,Ia
밀양,2020,2,7.1,1.6,1.3,9.9,0.006,0.7,21.0,0.0,Ib
밀양,2020,3,7.1,1.9,2.0,10.9,0.0065,0.4,25.0,2.0,Ib
밀양,2020,4,7.3,1.4,0.9,10.2,0.0055,2.0,18.0,0.0,Ia
밀양,2020,5,7.4,1.4,1.7,9.8,0.0065,2.2,14.0,0.0,Ib
밀양,2020,6,7.4,1.1,3.5,9.5,0.0135,2.5,20.0,5.0,Ib
밀양,2020,7,7.4,1.3,1.5,9.2,0.008,1.7,805.0,12.0,II
밀양,2020,8,7.1,1.5,3.3,8.7,0.017,3.8,815.0,8.0,II
밀양,2020,9,7.0,2.4,71.2,8.1,0.015,0.4,1580.0,90.0,V
밀양,2020,10,7.1,1.5,71.7,8.3,0.0095,0.8,137.0,3.0,V
밀양,2020,11,7.1,1.3,0.9,8.7,0.007,1.6,193.0,2.0,Ib
밀양,2020,12,7.0,1.4,1.2,9.5,0.008,2.1,170.0,1.0,Ib
보령,2019,1,7.8,1.5,1.0,11.0,0.0103,3.3,22.0,0.0,Ib
보령,2019,2,7.9,1.9,1.3,11.9,0.0057,1.3,26.0,0.0,Ib
보령,2019,3,7.8,1.3,1.2,11.5,0.0133,3.3,20.0,0.0,Ib
보령,2019,4,8.0,1.6,2.2,11.0,0.0127,7.0,25.0,0.0,Ib
보령,2019,5,7.7,1.5,1.1,9.5,0.0093,2.5,34.0,0.0,Ib
보령,2019,6,7.5,1.8,2.0,7.6,0.016,3.3,95.0,0.0,Ib
보령,2019,7,7.5,1.7,2.0,7.4,0.0197,7.9,89.0,0.0,Ib
보령,2019,8,7.8,1.9,3.2,5.7,0.0243,13.8,119.0,2.0,II
보령,2019,9,7.1,1.9,2.6,6.1,0.0157,9.3,109.0,2.0,II
보령,2019,10,7.4,1.7,1.6,7.3,0.0177,6.9,115.0,1.0,Ib
보령,2019,11,7.9,1.6,1.7,8.8,0.008,7.1,115.0,1.0,Ib
보령,2019,12,8.1,1.7,1.8,9.7,0.0157,6.4,162.0,1.0,Ib
보령,2020,1,8.2,1.7,1.2,11.3,0.0157,7.9,33.0,0.0,Ib
보령,2020,2,8.0,1.5,1.5,12.6,0.0117,4.7,371.0,2.0,Ib
보령,2020,3,8.0,1.5,2.2,12.5,0.0113,4.2,76.0,0.0,Ib
보령,2020,4,8.0,1.3,2.0,11.9,0.0093,7.3,50.0,0.0,Ib
보령,2020,5,8.0,1.4,2.4,9.3,0.0167,4.5,180.0,0.0,Ib
보령,2020,6,7.9,1.6,2.4,8.8,0.0197,6.8,845.0,1.0,II
보령,2020,7,7.8,1.7,1.9,7.7,0.0167,3.9,1197.0,18.0,III
보령,2020,8,7.2,1.8,8.6,6.4,0.0273,4.5,1115.0,77.0,III
보령,2020,9,7.1,1.6,1.5,6.5,0.0167,2.4,508.0,8.0,II
보령,2020,10,7.2,1.3,2.5,7.8,0.0123,8.7,102.0,4.0,Ib
보령,2020,11,7.4,1.2,2.2,9.2,0.0107,3.6,212.0,1.0,Ib
보령,2020,12,7.4,1.2,1.4,9.8,0.0097,3.2,366.0,3.0,Ib
보현산,2019,1,,,,,,,,,Vl
보현산,2019,2,,,,,,,,,Vl
보현산,2019,3,,,,,,,,,Vl
보현산,2019,4,,,,,,,,,Vl
보현산,2019,5,,,,,,,,,Vl
보현산,2019,6,,,,,,,,,Vl
보현산,2019,7,8.0,4.7,6.2,6.6,0.023,16.4,186.0,35.0,III
보현산,2019,8,7.3,4.4,4.3,5.3,0.017,15.5,437.0,65.0,III
보현산,2019,9,7.3,4.3,1.6,5.2,0.024,7.0,53.0,41.0,III
보현산,2019,10,7.1,4.9,16.3,7.4,0.047,19.1,351.0,53.0,V
보현산,2019,11,7.3,4.5,5.8,8.1,0.021,24.1,1013.0,650.0,IV
보현산,2019,12,8.3,3.8,1.6,10.1,0.015,9.0,730.0,527.0,III
보현산,2020,1,8.2,3.9,1.7,11.5,0.009,19.0,,,ll
보현산,2020,2,8.9,4.3,3.1,13.1,0.014,16.8,82.0,38.0,lll
보현산,2020,3,8.1,3.6,3.6,12.2,0.013,13.7,18.0,5.0,II
보현산,2020,4,8.1,4.1,2.6,11.2,0.02,8.9,123.0,62.0,III
보현산,2020,5,8.1,3.7,0.8,9.6,0.014,6.2,2677.0,270.0,III
보현산,2020,6,8.2,3.9,1.6,8.0,0.016,6.5,273.0,126.0,II
보현산,2020,7,7.0,4.1,7.7,7.9,0.015,15.4,1233.0,943.0,III
보현산,2020,8,7.1,4.1,2.6,7.4,0.035,2.3,720.0,401.0,III
보현산,2020,9,6.5,4.8,40.0,6.5,0.126,8.0,,,lll
보현산,2020,10,7.7,4.8,4.8,7.4,0.017,10.0,280.0,190.0,III
보현산,2020,11,8.5,7.4,5.7,8.9,0.024,7.3,987.0,530.0,V
보현산,2020,12,8.5,5.2,5.7,10.3,0.014,4.7,730.0,390.0,IV
부안,2019,1,6.8,2.2,1.4,11.1,0.0067,0.8,11.0,2.0,Ib
부안,2019,2,6.8,1.9,0.5,11.7,0.0067,0.3,1.0,0.0,Ia
부안,2019,3,6.8,1.4,0.8,11.4,0.0053,2.1,1.0,0.0,Ia
부안,2019,4,6.8,1.6,2.2,10.6,0.007,2.3,5.0,2.0,Ib
부안,2019,5,6.9,1.6,2.6,9.2,0.0103,1.9,9.0,0.0,Ib
부안,2019,6,6.7,1.9,1.9,8.7,0.007,1.6,3.0,0.0,Ib
부안,2019,7,6.3,1.9,0.8,8.4,0.008,2.8,6.0,0.0,IV
부안,2019,8,6.4,2.2,1.7,6.9,0.0103,2.4,5.0,0.0,IV
부안,2019,9,7.0,1.9,1.4,7.7,0.0087,1.5,5.0,1.0,Ib
부안,2019,10,6.5,2.1,1.4,6.3,0.0037,1.6,15.0,4.0,Ib
부안,2019,11,6.5,2.0,1.8,7.3,0.0037,0.4,9.0,0.0,Ib
부안,2019,12,6.5,2.0,1.4,9.2,0.006,0.8,6.0,0.0,Ib
부안,2020,1,6.9,2.2,1.9,10.3,0.0073,0.5,12.0,0.0,Ib
부안,2020,2,7.1,2.1,1.7,11.3,0.0057,1.1,6.0,0.0,Ib
부안,2020,3,6.7,1.7,1.7,10.9,0.0047,0.6,2.0,0.0,Ib
부안,2020,4,6.9,1.9,1.6,10.6,0.0057,0.7,12.0,0.0,Ib
부안,2020,5,6.9,1.7,2.0,8.9,0.007,0.6,9.0,0.0,Ib
부안,2020,6,6.7,1.9,1.3,8.4,0.0077,1.1,14.0,0.0,Ib
부안,2020,7,6.6,1.9,0.9,7.9,0.0047,0.3,16.0,1.0,Ia
부안,2020,8,6.1,2.1,3.7,6.8,0.0123,0.6,54.0,2.0,IV
부안,2020,9,6.3,2.2,1.9,6.7,0.01,0.2,802.0,1.0,IV
부안,2020,10,6.4,1.1,1.5,6.3,0.0073,0.5,15.0,0.0,IV
부안,2020,11,6.9,1.0,2.2,8.1,0.008,0.4,125.0,0.0,Ib
부안,2020,12,6.6,1.7,2.0,9.4,0.0053,0.3,79.0,1.0,Ib
섬진강,2019,1,7.1,2.1,1.9,8.9,0.0113,2.3,21.0,,lb
섬진강,2019,2,7.4,2.1,1.9,9.6,0.0123,0.9,19.0,0.0,Ib
섬진강,2019,3,7.5,2.0,1.8,8.9,0.0107,1.9,26.0,0.0,Ib
섬진강,2019,4,7.7,2.3,1.9,9.0,0.011,1.8,28.0,0.0,Ib
섬진강,2019,5,8.0,2.1,1.9,8.8,0.0127,1.7,37.0,0.0,Ib
섬진강,2019,6,7.3,2.4,2.3,8.3,0.014,1.8,49.0,0.0,Ib
섬진강,2019,7,7.4,2.2,2.3,8.4,0.014,1.6,61.0,0.0,Ib
섬진강,2019,8,7.4,2.6,2.5,7.9,0.014,1.4,140.0,0.0,Ib
섬진강,2019,9,7.4,2.6,2.5,7.2,0.0103,2.0,126.0,0.0,Ib
섬진강,2019,10,7.2,2.3,2.5,7.0,0.0213,1.7,56.0,0.0,II
섬진강,2019,11,7.1,2.3,2.2,7.9,0.0217,2.5,62.0,0.0,II
섬진강,2019,12,7.2,2.3,2.1,8.2,0.021,1.3,52.0,0.0,II
섬진강,2020,1,7.3,2.2,2.1,8.8,0.0213,0.8,58.0,0.0,II
섬진강,2020,2,7.5,2.2,1.9,9.4,0.0173,0.3,64.0,0.0,Ib
섬진강,2020,3,7.5,2.1,2.1,9.4,0.0183,0.4,68.0,0.0,Ib
섬진강,2020,4,7.7,1.9,2.0,9.3,0.01,0.8,41.0,0.0,Ib
섬진강,2020,5,7.4,2.0,2.0,8.5,0.014,0.9,50.0,0.0,Ib
섬진강,2020,6,7.6,2.0,2.1,7.3,0.0097,1.8,50.0,0.0,Ib
섬진강,2020,7,7.1,2.2,2.3,7.4,0.008,1.7,54.0,0.0,Ib
섬진강,2020,8,6.8,2.3,2.4,7.7,0.0197,0.8,137.0,0.0,Ib
섬진강,2020,9,6.8,2.3,2.1,7.6,0.018,1.4,124.0,0.0,Ib
섬진강,2020,10,7.2,2.2,3.0,8.4,0.0183,3.5,83.0,0.0,Ib
섬진강,2020,11,7.2,2.2,2.2,8.1,0.0163,2.5,73.0,0.0,Ib
섬진강,2020,12,7.5,2.1,2.2,8.7,0.01,1.9,64.0,0.0,Ib
성덕,2019,1,,,,,,,,,Vl
성덕,2019,2,,,,,,,,,Vl
성덕,2019,3,,,,,,,,,Vl
성덕,2019,4,,,,,,,,,Vl
성덕,2019,5,,,,,,,,,Vl
성덕,2019,6,,,,,,,,,Vl
성덕,2019,7,8.6,3.3,3.9,7.9,0.009,4.1,3560.0,477.0,ll
성덕,2019,8,8.7,3.3,1.6,7.3,0.013,8.2,5900.0,48.0,ll
성덕,2019,9,10.3,3.6,1.2,5.4,0.013,17.0,440.0,71.0,ll
성덕,2019,10,7.2,3.5,2.6,5.6,0.017,5.6,420.0,293.0,III
성덕,2019,11,6.4,3.3,2.5,5.9,0.014,4.8,813.0,347.0,IV
성덕,2019,12,6.5,2.6,3.2,8.6,0.009,3.7,573.0,433.0,III
성덕,2020,1,7.2,3.0,1.7,9.8,0.008,1.8,240.0,150.0,II
성덕,2020,2,7.2,3.1,0.5,10.3,0.009,1.2,19.0,2.0,II
성덕,2020,3,7.2,2.7,1.6,11.6,0.009,6.2,10.0,3.0,Ib
성덕,2020,4,7.8,2.9,1.1,11.6,0.011,2.9,34.0,21.0,Ib
성덕,2020,5,7.6,2.7,3.2,10.3,0.01,8.1,423.0,73.0,Ib
성덕,2020,6,7.6,3.1,1.9,,0.008,7.0,37.0,20.0,ll
성덕,2020,7,8.3,3.8,1.9,9.3,0.009,19.4,37.0,20.0,III
성덕,2020,8,8.4,3.5,1.8,6.8,0.017,9.7,53.0,20.0,II
성덕,2020,9,7.0,4.4,7.1,5.6,0.017,23.1,333.0,153.0,IV
성덕,2020,10,8.4,4.6,2.9,5.1,0.013,33.4,150.0,61.0,IV
성덕,2020,11,7.3,3.5,2.1,7.5,0.012,16.8,150.0,100.0,III
성덕,2020,12,7.4,3.3,1.8,5.3,0.012,2.4,50.0,37.0,II
소양강,2019,1,7.4,1.9,1.2,9.1,0.006,1.2,30.0,,la
소양강,2019,2,7.5,1.7,1.3,11.0,0.0062,1.5,26.0,,la
소양강,2019,3,7.6,1.8,1.4,10.7,0.0078,1.6,10.0,,la
소양강,2019,4,7.6,1.7,1.3,10.5,0.0226,1.4,12.0,,la
소양강,2019,5,7.7,1.8,1.0,9.4,0.0114,0.6,25.0,,la
소양강,2019,6,7.4,1.6,1.6,7.6,0.0098,1.4,62.0,,la
소양강,2019,7,7.6,1.9,2.3,7.6,0.0122,4.1,528.0,477.0,III
소양강,2019,8,7.7,1.9,2.7,7.4,0.0126,8.2,376.0,48.0,Ib
소양강,2019,9,7.7,1.6,3.9,6.6,0.0066,17.0,318.0,71.0,III
소양강,2019,10,7.0,1.8,3.0,7.0,0.01,5.6,549.0,293.0,III
소양강,2019,11,7.0,1.7,2.0,7.9,0.0086,4.8,535.0,347.0,III
소양강,2019,12,7.1,1.7,2.3,8.7,0.0114,3.7,126.0,433.0,III
소양강,2020,1,7.0,1.7,2.5,9.9,0.0084,1.8,103.0,150.0,II
소양강,2020,2,7.1,1.5,1.9,11.3,0.0068,1.2,1.0,2.0,Ib
소양강,2020,3,7.2,1.6,3.2,11.4,0.0096,6.2,12.0,3.0,Ib
소양강,2020,4,7.4,1.4,3.0,10.5,0.007,2.9,20.0,21.0,Ib
소양강,2020,5,7.3,1.3,2.6,9.6,0.0084,8.1,58.0,73.0,Ib
소양강,2020,6,7.8,1.6,2.7,9.1,0.006,7.0,85.0,20.0,Ib
소양강,2020,7,7.3,1.8,1.2,7.5,0.007,19.4,300.0,20.0,III
소양강,2020,8,6.9,2.2,3.3,7.5,0.02,9.7,569.0,20.0,II
소양강,2020,9,6.9,2.6,10.6,7.6,0.03,23.1,565.0,153.0,IV
소양강,2020,10,7.0,2.4,0.5,7.5,0.01,33.4,104.0,61.0,IV
소양강,2020,11,7.1,1.8,0.4,7.7,0.0084,16.8,1.0,100.0,III
소양강,2020,12,7.2,1.9,0.3,9.1,0.0088,2.4,54.0,37.0,Ib
안동,2019,1,7.4,2.6,0.8,9.4,0.015,0.4,48.0,0.0,Ib
안동,2019,2,7.5,2.5,0.3,10.4,0.009,0.4,40.0,0.0,Ib
안동,2019,3,7.7,2.5,0.4,10.3,0.0133,0.3,28.0,0.0,Ib
안동,2019,4,7.3,2.4,1.3,10.9,0.0183,0.6,68.0,0.0,Ib
안동,2019,5,7.3,2.5,1.2,10.1,0.015,0.6,46.0,0.0,Ib
안동,2019,6,7.4,2.6,1.1,10.0,0.015,0.7,37.0,0.0,Ib
안동,2019,7,7.6,2.4,0.7,7.5,0.0147,1.2,47.0,0.0,Ib
안동,2019,8,7.7,2.4,0.8,7.8,0.0193,1.7,38.0,0.0,Ib
안동,2019,9,6.9,2.6,1.0,6.8,0.0167,1.5,34.0,0.0,Ib
안동,2019,10,7.0,2.7,1.4,6.2,0.018,1.9,27.0,0.0,Ib
안동,2019,11,7.0,2.5,1.0,6.3,0.0167,1.6,20.0,0.0,Ib
안동,2019,12,6.0,2.7,0.7,7.4,0.018,1.5,15.0,0.0,IV
안동,2020,1,7.2,2.2,0.7,8.4,0.0153,1.4,7.0,0.0,Ib
안동,2020,2,7.0,3.0,0.5,9.6,0.0153,1.1,3.0,0.0,Ib
안동,2020,3,7.2,2.2,0.5,9.8,0.015,0.9,1.0,0.0,Ib
안동,2020,4,7.1,2.8,0.4,9.7,0.0107,0.7,0.0,0.0,Ib
안동,2020,5,7.7,2.4,0.6,9.7,0.008,2.1,0.0,0.0,Ib
안동,2020,6,6.7,2.5,0.3,8.4,0.0117,0.8,5.0,0.0,Ib
안동,2020,7,7.5,2.7,0.4,7.4,0.0147,1.2,8.0,1.0,Ib
안동,2020,8,7.4,2.6,0.4,6.9,0.0157,1.6,10.0,0.0,Ib
안동,2020,9,7.8,3.4,1.2,6.6,0.0243,7.8,7.0,2.0,II
안동,2020,10,7.2,4.3,3.9,6.3,0.0223,5.7,3.0,0.0,III
안동,2020,11,7.3,4.5,11.5,6.6,0.0193,0.9,2.0,0.0,III
안동,2020,12,6.9,2.9,2.8,7.1,0.0153,0.6,2.0,0.0,Ib
영주,2019,1,,,,,,,,,Vl
영주,2019,2,,,,,,,,,Vl
영주,2019,3,,,,,,,,,Vl
영주,2019,4,,,,,,,,,Vl
영주,2019,5,,,,,,,,,Vl
영주,2019,6,,,,,,,,,Vl
영주,2019,7,7.7,2.8,17.5,9.2,0.07,46.9,2421.0,467.0,V
영주,2019,8,8.1,2.8,15.0,8.0,0.1228,31.4,447.0,182.0,V
영주,2019,9,7.4,2.3,5.5,8.9,0.0558,31.4,509.0,124.0,IV
영주,2019,10,6.8,3.1,9.1,8.1,0.0708,13.0,448.0,50.0,IV
영주,2019,11,7.1,3.2,6.6,8.2,0.0835,18.5,2761.0,328.0,IV
영주,2019,12,7.4,2.1,5.3,11.2,0.056,3.0,456.0,13.0,IV
영주,2020,1,7.7,2.9,5.4,11.8,0.1,9.8,3279.0,95.0,IV
영주,2020,2,8.0,3.8,6.2,14.1,0.053,52.9,78.0,7.0,V
영주,2020,3,8.4,3.4,6.1,12.5,0.0225,41.4,161.0,9.0,V
영주,2020,4,8.1,3.3,2.3,11.1,0.0223,8.3,446.0,8.0,II
영주,2020,5,7.7,3.3,3.8,8.6,0.0255,11.5,1002.0,126.0,III
영주,2020,6,7.7,3.6,3.8,8.2,0.0578,8.5,10862.0,1585.0,IV
영주,2020,7,7.8,3.9,6.6,6.7,0.0588,9.1,6638.0,82.0,IV
영주,2020,8,7.4,6.5,143.7,5.7,0.2705,4.2,20138.0,3457.0,V
영주,2020,9,7.4,4.0,10.0,7.2,0.1673,2.9,5157.0,3136.0,ll
영주,2020,10,7.4,4.6,6.7,8.5,0.0885,27.3,90.0,69.0,IV
영주,2020,11,7.3,3.3,4.7,9.0,0.078,17.5,482.0,41.0,IV
영주,2020,12,6.5,4.3,3.7,9.9,0.0425,9.5,726.0,48.0,III
용담,2019,1,7.3,1.9,1.5,9.6,0.0078,2.5,48.0,0.0,Ib
용담,2019,2,6.8,2.2,1.0,11.2,0.0058,3.1,8.0,0.0,Ib
용담,2019,3,7.1,1.7,1.0,11.0,0.008,3.6,4.0,0.0,Ia
용담,2019,4,7.5,2.0,1.0,11.0,0.0055,3.5,7.0,0.0,Ia
용담,2019,5,7.6,1.9,0.8,9.9,0.0075,1.9,22.0,0.0,Ia
용담,2019,6,7.2,2.1,1.9,9.3,0.0073,3.6,240.0,0.0,Ib
용담,2019,7,7.6,2.0,0.6,8.1,0.0058,2.5,1192.0,0.0,III
용담,2019,8,7.4,2.1,1.2,7.6,0.0068,1.7,879.0,0.0,II
용담,2019,9,7.8,2.2,0.9,7.9,0.0093,2.3,1537.0,0.0,III
용담,2019,10,7.4,2.0,1.6,8.0,0.008,6.5,1554.0,0.0,III
용담,2019,11,7.7,2.0,1.2,7.4,0.0088,4.7,759.0,0.0,II
용담,2019,12,7.5,2.0,1.2,8.3,0.0063,5.6,434.0,0.0,Ib
용담,2020,1,6.9,2.1,0.9,8.4,0.0073,3.7,76.0,0.0,Ib
용담,2020,2,7.4,2.0,0.7,11.2,0.006,0.7,67.0,0.0,Ib
용담,2020,3,7.6,1.9,0.6,11.5,0.009,3.4,106.0,0.0,Ib
용담,2020,4,7.4,1.8,0.9,10.4,0.009,0.9,173.0,0.0,Ib
용담,2020,5,7.6,1.7,0.8,9.8,0.0075,0.8,42.0,0.0,Ia
용담,2020,6,7.3,1.9,0.8,8.1,0.006,1.4,615.0,0.0,II
용담,2020,7,7.6,2.2,0.5,7.5,0.009,0.6,410.0,0.0,Ib
용담,2020,8,7.1,2.0,19.0,7.4,0.0483,3.6,1537.0,0.0,V
용담,2020,9,7.2,1.8,6.9,7.4,0.0205,3.2,1355.0,0.0,III
용담,2020,10,7.1,1.7,5.4,6.1,0.0248,3.9,146.0,0.0,III
용담,2020,11,7.0,1.7,3.6,7.4,0.018,3.0,162.0,0.0,Ib
용담,2020,12,7.3,1.7,3.6,8.7,0.016,3.8,109.0,0.0,Ib
임하,2019,1,7.4,4.8,1.5,10.0,0.0277,0.4,38.0,0.0,III
임하,2019,2,7.6,4.8,0.8,10.9,0.0263,0.4,51.0,0.0,III
임하,2019,3,7.7,4.6,1.1,10.8,0.019,0.4,38.0,0.0,III
임하,2019,4,7.8,4.2,0.8,10.1,0.0217,0.3,56.0,0.0,III
임하,2019,5,7.2,4.1,0.8,10.2,0.0163,0.3,49.0,0.0,III
임하,2019,6,7.6,4.0,0.9,9.5,0.0163,1.0,53.0,0.0,II
임하,2019,7,7.4,4.1,1.3,7.0,0.0207,1.5,52.0,1.0,III
임하,2019,8,8.1,4.1,1.3,6.8,0.023,1.5,53.0,0.0,III
임하,2019,9,7.5,3.7,1.1,6.0,0.0193,1.3,54.0,0.0,II
임하,2019,10,7.1,5.2,17.4,5.8,0.028,1.6,44.0,0.0,V
임하,2019,11,6.9,4.3,2.7,5.8,0.0207,1.7,41.0,0.0,III
임하,2019,12,6.3,3.6,1.7,7.0,0.02,1.8,21.0,0.0,IV
임하,2020,1,6.9,4.1,1.0,8.2,0.0197,1.4,15.0,0.0,III
임하,2020,2,7.4,4.4,0.9,10.0,0.0183,1.3,9.0,0.0,III
임하,2020,3,7.1,3.5,1.2,10.0,0.018,1.1,2.0,0.0,II
임하,2020,4,7.4,4.4,0.8,10.6,0.0133,0.8,1.0,0.0,III
임하,2020,5,7.4,3.5,0.8,8.9,0.012,1.2,0.0,0.0,II
임하,2020,6,6.9,3.4,0.7,8.6,0.0127,1.1,3.0,0.0,II
임하,2020,7,7.7,3.5,0.7,7.4,0.0143,0.9,5.0,1.0,II
임하,2020,8,7.6,4.4,1.2,6.2,0.0193,1.0,8.0,1.0,III
임하,2020,9,6.9,6.4,146.3,6.0,0.0263,1.0,6.0,1.0,V
임하,2020,10,6.6,5.6,12.0,6.0,0.0257,1.6,4.0,0.0,IV
임하,2020,11,7.3,5.4,14.3,7.4,0.022,0.4,4.0,0.0,IV
임하,2020,12,7.2,6.5,9.3,8.4,0.0243,0.5,2.0,0.0,V
장흥,2019,1,6.8,1.8,2.2,10.3,0.0148,5.5,57.0,0.0,Ib
장흥,2019,2,6.5,1.8,2.6,11.6,0.0128,7.3,8.0,0.0,Ib
장흥,2019,3,6.1,1.6,0.9,11.9,0.0113,8.8,1.0,0.0,IV
장흥,2019,4,7.1,1.8,2.0,11.4,0.016,9.6,39.0,1.0,II
장흥,2019,5,7.6,1.9,1.0,10.3,0.0173,4.9,505.0,1.0,II
장흥,2019,6,8.2,2.0,1.3,13.6,0.0175,8.4,16.0,0.0,Ib
장흥,2019,7,8.2,2.1,1.3,7.0,0.0195,2.1,213.0,0.0,Ib
장흥,2019,8,7.5,2.1,2.6,6.0,0.023,4.9,253.0,0.0,II
장흥,2019,9,7.4,2.0,1.9,6.2,0.0195,5.6,653.0,0.0,II
장흥,2019,10,6.8,2.1,2.4,6.4,0.0073,5.5,59.0,0.0,Ib
장흥,2019,11,6.6,1.9,1.7,7.4,0.0243,7.9,138.0,0.0,II
장흥,2019,12,7.2,2.0,1.6,8.7,0.0135,2.4,58.0,0.0,Ib
장흥,2020,1,7.2,1.9,1.8,10.1,0.0125,1.8,55.0,0.0,Ib
장흥,2020,2,6.6,1.9,1.4,10.9,0.0168,2.8,20.0,0.0,Ib
장흥,2020,3,6.9,1.9,0.9,11.4,0.0198,7.4,368.0,0.0,Ib
장흥,2020,4,6.8,1.7,1.0,11.6,0.0223,9.2,301.0,1.0,II
장흥,2020,5,7.2,1.7,1.6,10.8,0.012,9.7,233.0,0.0,II
장흥,2020,6,7.4,1.9,1.4,10.2,0.0095,9.3,195.0,0.0,II
장흥,2020,7,8.2,1.9,0.7,6.8,0.0125,1.7,1103.0,1.0,III
장흥,2020,8,8.8,1.8,0.7,7.4,0.015,2.7,1310.0,1.0,la
장흥,2020,9,6.8,1.8,1.9,7.1,0.0188,5.8,2132.0,0.0,III
장흥,2020,10,8.0,1.8,1.8,6.6,0.0053,5.6,2132.0,7.0,III
장흥,2020,11,8.1,1.7,1.8,8.2,0.0168,7.3,2132.0,5.0,III
장흥,2020,12,6.9,1.7,1.7,9.7,0.0083,5.6,1755.0,4.0,III
주암(본),2019,1,7.2,2.1,1.5,10.2,0.013,2.5,49.0,0.0,Ib
주암(본),2019,2,7.8,2.1,1.7,11.1,0.0103,3.4,16.0,1.0,Ib
주암(본),2019,3,7.6,1.7,2.3,11.5,0.0167,5.2,16.0,1.0,Ib
주암(본),2019,4,7.8,1.8,1.9,11.3,0.0193,4.9,26.0,1.0,Ib
주암(본),2019,5,7.4,1.9,1.8,8.7,0.0173,2.9,59.0,2.0,Ib
주암(본),2019,6,7.5,2.1,1.5,8.0,0.0153,2.7,95.0,5.0,Ib
주암(본),2019,7,6.7,2.4,2.7,6.5,0.017,2.2,158.0,8.0,Ib
주암(본),2019,8,7.3,2.5,4.5,5.8,0.017,9.3,430.0,13.0,II
주암(본),2019,9,6.8,2.2,2.0,3.5,0.018,4.1,446.0,12.0,IV
주암(본),2019,10,6.9,2.0,6.5,5.8,0.019,6.9,462.0,12.0,III
주암(본),2019,11,6.9,2.2,6.7,6.1,0.0193,5.6,119.0,5.0,III
주암(본),2019,12,7.1,2.0,1.2,8.0,0.015,1.3,97.0,2.0,Ib
주암(본),2020,1,7.4,1.9,1.0,10.3,0.0093,1.5,89.0,1.0,Ib
주암(본),2020,2,7.5,1.8,1.1,11.1,0.0097,1.4,34.0,1.0,Ib
주암(본),2020,3,7.5,1.8,1.2,11.4,0.0103,1.1,20.0,0.0,Ib
주암(본),2020,4,7.6,1.6,2.0,10.9,0.013,0.8,156.0,1.0,Ib
주암(본),2020,5,7.6,1.6,1.0,9.9,0.0073,0.8,218.0,2.0,Ib
주암(본),2020,6,7.1,1.7,1.7,9.0,0.0103,1.6,224.0,2.0,Ib
주암(본),2020,7,7.8,2.1,2.3,7.0,0.0153,2.8,343.0,4.0,Ib
주암(본),2020,8,7.8,2.1,4.1,6.8,0.028,7.2,861.0,11.0,II
주암(본),2020,9,7.3,2.0,5.9,5.9,0.0287,5.0,945.0,13.0,III
주암(본),2020,10,7.0,1.7,3.0,6.0,0.014,2.6,330.0,6.0,Ib
주암(본),2020,11,7.1,1.6,2.4,7.4,0.013,7.8,142.0,1.0,Ib
주암(본),2020,12,6.9,1.5,2.1,9.3,0.012,5.4,49.0,2.0,Ib
주암(조),2019,1,7.8,1.4,1.4,9.1,0.013,2.2,18.0,0.0,Ib
주암(조),2019,2,7.6,1.5,1.8,11.0,0.005,2.2,6.0,0.0,Ib
주암(조),2019,3,7.8,1.3,1.3,10.8,0.0135,1.9,13.0,0.0,Ib
주암(조),2019,4,7.2,1.6,1.3,11.9,0.016,1.9,28.0,1.0,Ib
주암(조),2019,5,7.3,1.5,1.4,10.2,0.0065,2.9,41.0,3.0,Ib
주암(조),2019,6,7.8,1.7,1.3,9.1,0.011,1.8,85.0,4.0,Ib
주암(조),2019,7,6.8,1.6,2.3,8.3,0.011,2.5,131.0,4.0,Ib
주암(조),2019,8,7.3,1.7,2.7,7.1,0.0155,3.1,268.0,14.0,Ib
주암(조),2019,9,7.1,1.7,1.2,4.9,0.0125,2.1,155.0,6.0,IV
주암(조),2019,10,7.3,1.6,1.5,5.2,0.0175,1.2,211.0,37.0,Ib
주암(조),2019,11,7.0,1.5,1.9,5.8,0.022,3.9,89.0,1.0,II
주암(조),2019,12,7.3,1.4,1.2,10.4,0.0105,1.4,24.0,1.0,Ib
주암(조),2020,1,8.0,1.4,1.1,10.0,0.008,2.0,11.0,0.0,Ib
주암(조),2020,2,7.7,1.4,1.5,10.7,0.0125,1.3,5.0,0.0,Ib
주암(조),2020,3,7.6,1.4,1.0,11.3,0.01,1.1,10.0,0.0,Ia
주암(조),2020,4,7.7,1.3,1.5,11.4,0.012,0.9,117.0,2.0,Ib
주암(조),2020,5,6.9,1.2,1.2,10.3,0.0095,1.0,241.0,2.0,Ib
주암(조),2020,6,7.3,1.3,1.5,9.3,0.007,1.9,213.0,2.0,Ib
주암(조),2020,7,7.7,1.3,2.7,8.4,0.0095,1.5,378.0,2.0,Ib
주암(조),2020,8,7.4,1.4,1.6,7.4,0.0185,0.7,741.0,6.0,II
주암(조),2020,9,7.5,1.3,6.2,6.6,0.029,0.6,939.0,8.0,III
주암(조),2020,10,6.8,1.4,3.4,5.8,0.0125,1.2,360.0,4.0,Ib
주암(조),2020,11,7.2,1.2,2.6,7.4,0.0095,5.5,120.0,1.0,Ib
주암(조),2020,12,6.3,1.2,2.7,8.4,0.0105,9.9,36.0,3.0,IV
충주,2019,1,8.0,1.5,1.3,11.3,0.0078,2.0,20.0,0.0,Ib
충주,2019,2,8.2,1.5,0.6,12.4,0.0105,2.4,4.0,0.0,Ib
충주,2019,3,8.2,1.7,1.1,12.3,0.0058,2.7,2.0,0.0,Ib
충주,2019,4,8.2,1.8,1.7,11.5,0.0083,2.6,61.0,0.0,Ib
충주,2019,5,8.2,1.8,1.4,10.3,0.0123,1.6,179.0,0.0,Ib
충주,2019,6,8.0,1.7,1.8,7.9,0.0213,1.9,231.0,1.0,II
충주,2019,7,8.2,1.8,2.8,7.6,0.0175,4.1,141.0,2.0,Ib
충주,2019,8,8.3,1.8,1.7,6.7,0.0115,4.0,587.0,0.0,II
충주,2019,9,8.3,2.0,3.5,6.6,0.0148,5.9,691.0,0.0,II
충주,2019,10,8.4,2.2,14.4,6.9,0.0113,19.1,571.0,0.0,III
충주,2019,11,7.9,1.7,3.5,7.7,0.0128,4.3,328.0,1.0,Ib
충주,2019,12,8.2,1.7,1.7,9.5,0.0145,2.6,116.0,0.0,Ib
충주,2020,1,7.9,1.8,0.9,10.6,0.0123,2.0,53.0,2.0,Ib
충주,2020,2,8.1,1.7,1.3,11.8,0.0108,2.3,30.0,0.0,Ib
충주,2020,3,8.0,1.6,1.0,12.2,0.008,1.8,18.0,0.0,Ia
충주,2020,4,7.9,1.7,0.8,12.1,0.0093,1.5,51.0,0.0,Ib
충주,2020,5,7.9,1.7,0.9,10.8,0.0123,0.7,44.0,0.0,Ib
충주,2020,6,8.1,1.6,0.8,10.0,0.0085,1.1,104.0,0.0,Ib
충주,2020,7,8.1,2.0,1.2,8.4,0.0083,1.3,161.0,0.0,Ib
충주,2020,8,8.1,2.4,9.8,9.5,0.0213,2.1,407.0,4.0,III
충주,2020,9,8.2,2.3,4.7,8.2,0.0208,2.5,131.0,1.0,II
충주,2020,10,8.4,2.1,2.9,8.8,0.0153,3.0,281.0,0.0,Ib
충주,2020,11,8.2,1.8,1.7,8.6,0.0148,2.0,82.0,1.0,Ib
충주,2020,12,8.4,1.7,2.2,10.2,0.0125,1.5,566.0,1.0,II
합천,2019,1,7.8,2.3,1.5,9.9,0.01,0.3,133.0,0.0,Ib
합천,2019,2,7.8,2.4,2.4,10.3,0.0063,0.3,150.0,0.0,Ib
합천,2019,3,7.6,2.2,1.5,11.2,0.0073,0.4,81.0,0.0,Ib
합천,2019,4,7.5,2.2,0.9,10.8,0.007,0.3,63.0,0.0,Ib
합천,2019,5,7.5,2.1,2.1,9.3,0.008,0.1,41.0,0.0,Ib
합천,2019,6,7.5,2.2,1.2,8.0,0.0073,0.1,21.0,0.0,Ib
합천,2019,7,8.1,2.3,1.2,7.6,0.006,0.1,183.0,3.0,Ib
합천,2019,8,7.9,2.2,1.2,6.9,0.0207,0.2,153.0,5.0,II
합천,2019,9,7.4,2.4,0.3,5.4,0.009,0.4,229.0,2.0,Ib
합천,2019,10,7.1,2.6,1.6,6.0,0.0343,0.2,211.0,1.0,III
합천,2019,11,7.7,2.4,1.7,6.8,0.009,1.8,233.0,0.0,Ib
합천,2019,12,7.4,2.0,0.7,8.0,0.0097,0.3,121.0,11.0,Ib
합천,2020,1,8.8,2.7,1.0,8.8,0.0083,0.3,271.0,5.0,lb
합천,2020,2,8.1,2.1,1.4,9.0,0.0083,0.2,70.0,8.0,Ib
합천,2020,3,8.3,2.3,1.5,9.0,0.0097,0.2,30.0,5.0,Ib
합천,2020,4,9.0,2.2,1.4,9.3,0.0077,0.2,61.0,3.0,lb
합천,2020,5,9.8,1.8,1.7,8.3,0.0097,0.0,51.0,1.0,la
합천,2020,6,9.3,2.4,1.3,7.0,0.013,0.1,177.0,2.0,lb
합천,2020,7,,,,,,,,,Vl
합천,2020,8,6.6,2.2,3.7,8.6,0.0097,1.9,2.0,1.0,Ib
합천,2020,9,10.3,2.7,1.6,5.3,0.0137,0.6,665.0,64.0,lb
합천,2020,10,10.3,3.8,2.0,5.5,0.0117,0.4,273.0,49.0,ll
합천,2020,11,6.7,2.2,1.0,6.2,0.0097,0.1,453.0,5.0,Ib
합천,2020,12,7.2,2.3,1.1,7.5,0.01,0.5,116.0,3.0,Ib
횡성,2019,1,7.0,2.2,0.9,9.4,0.0067,2.7,2.0,0.0,Ib
횡성,2019,2,,,,,,,,,Vl
횡성,2019,3,6.9,2.0,1.2,10.6,0.0083,2.5,2.0,0.0,Ib
횡성,2019,4,7.4,2.2,1.2,9.5,0.007,2.9,4.0,0.0,Ib
횡성,2019,5,7.3,2.2,1.9,10.7,0.009,3.6,4.0,0.0,Ib
횡성,2019,6,7.7,1.9,1.2,10.3,0.0107,4.6,6.0,0.0,Ib
횡성,2019,7,7.8,2.4,1.2,8.4,0.0087,5.6,4.0,0.0,Ib
횡성,2019,8,7.5,2.4,1.4,8.6,0.0097,6.6,5.0,0.0,Ib
횡성,2019,9,7.6,2.0,1.9,8.3,0.012,6.4,4.0,0.0,Ib
횡성,2019,10,7.4,2.3,2.1,7.8,0.0113,4.0,3.0,0.0,Ib
횡성,2019,11,7.1,2.2,1.4,8.1,0.0103,5.3,3.0,0.0,Ib
횡성,2019,12,7.1,2.1,3.5,8.6,0.008,3.5,1.0,0.0,Ib
횡성,2020,1,7.1,2.2,1.4,9.2,0.012,2.1,2.0,0.0,Ib
횡성,2020,2,7.2,2.0,1.7,9.1,0.011,2.0,2.0,0.0,Ib
횡성,2020,3,7.0,1.9,1.2,10.4,0.0063,6.5,8.0,0.0,Ib
횡성,2020,4,7.3,1.9,1.2,10.0,0.0063,4.4,3.0,0.0,Ib
횡성,2020,5,8.0,2.2,1.8,9.7,0.0083,6.6,8.0,0.0,Ib
횡성,2020,6,8.1,2.3,1.5,8.6,0.0073,3.0,10.0,0.0,Ib
횡성,2020,7,7.7,2.4,1.9,7.7,0.0103,4.3,8.0,0.0,Ib
횡성,2020,8,8.5,1.7,3.3,6.7,0.015,7.8,56.0,1.0,Ib
횡성,2020,9,8.2,2.1,2.6,6.6,0.0163,7.7,24.0,0.0,Ib
횡성,2020,10,9.6,2.3,2.7,8.0,0.02,11.0,25.0,0.0,lb
횡성,2020,11,8.4,1.9,2.9,7.4,0.0173,5.4,22.0,1.0,Ib
횡성,2020,12,8.7,2.1,1.9,10.6,0.0187,7.7,9.0,0.0,lb
군위,2021,1,,,,,,,,,Vl
군위,2021,2,7.5,4.3,3.4,13.0,0.0095,7.3,2.0,0.0,III
군위,2021,3,7.4,4.4,2.4,12.0,0.0082,5.4,120.0,2.0,III
군위,2021,4,7.7,3.8,2.9,10.4,0.0095,3.4,163.0,8.0,II
군위,2021,5,7.6,3.5,1.9,8.3,0.0122,2.0,34.0,2.0,II
군위,2021,6,7.5,3.4,0.7,8.4,0.0098,5.2,5.0,2.0,II
군위,2021,7,7.0,3.4,2.7,7.2,0.0185,9.2,47.0,20.0,II
군위,2021,8,7.2,5.2,4.6,7.0,0.0208,11.5,4.0,2.0,IV
군위,2021,9,7.7,5.3,29.8,4.7,0.077,9.1,428.0,117.0,V
군위,2021,10,7.2,4.3,14.1,3.5,0.0452,3.8,217.0,152.0,IV
군위,2021,11,7.6,4.0,3.6,7.5,0.0242,3.8,438.0,172.0,II
군위,2021,12,8.0,3.8,3.2,10.4,0.0218,2.0,118.0,81.0,II
군위,2022,1,7.1,4.0,4.0,12.2,0.0252,0.1,41.0,10.0,II
군위,2022,2,7.4,4.4,4.7,13.6,0.0092,1.3,6.0,0.0,III
군위,2022,3,7.6,3.6,4.0,12.8,0.0168,0.6,6.0,0.0,II
군위,2022,4,7.5,3.6,4.0,9.4,0.0177,0.5,25.0,1.0,II
군위,2022,5,7.4,3.4,1.5,9.8,0.0088,0.1,5.0,2.0,II
군위,2022,6,7.2,3.7,4.0,6.7,0.0093,0.1,5.0,2.0,II
군위,2022,7,6.8,3.5,4.0,6.1,0.029,0.3,7.0,3.0,II
군위,2022,8,8.1,3.9,9.0,8.3,0.0293,9.2,1339.0,356.0,III
군위,2022,9,8.0,4.1,5.9,7.2,0.0178,2.3,223.0,108.0,III
군위,2022,10,7.58,3.9,2.9,6.2,0.0195,0.2,49.0,123.0,II
군위,2022,11,7.1,4.0,2.8,9.1,0.0135,0.8,58.0,0.0,II
군위,2022,12,7.2,3.8,2.9,11.3,0.0135,1.5,59.0,9.0,II
김천부항,2021,1,7.8,2.2,1.6,10.9,0.0153,3.9,3633.0,373.0,III
김천부항,2021,2,7.9,2.5,5.3,11.9,0.009,12.2,407.0,2.0,III
김천부항,2021,3,7.6,2.5,6.1,12.3,0.0047,15.4,56.0,9.0,III
김천부항,2021,4,7.4,2.3,1.0,10.7,0.0053,6.4,13.0,1.0,Ib
김천부항,2021,5,8.0,2.3,3.1,9.3,0.017,5.2,10.0,2.0,Ib
김천부항,2021,6,7.4,2.3,2.4,7.9,0.0153,6.3,11.0,2.0,Ib
김천부항,2021,7,7.2,2.5,3.8,8.0,0.0253,3.1,717.0,49.0,II
김천부항,2021,8,5.7,2.9,2.7,6.4,0.0247,5.3,24.0,13.0,lb
김천부항,2021,9,6.8,2.7,2.7,7.7,0.0247,12.3,63.0,43.0,II
김천부항,2021,10,7.6,3.4,5.3,8.5,0.0213,14.0,13.0,5.0,III
김천부항,2021,11,7.2,2.3,1.1,6.9,0.02,6.9,77.0,42.0,Ib
김천부항,2021,12,6.2,2.3,1.2,9.0,0.0097,5.4,187.0,36.0,IV
김천부항,2022,1,7.4,2.3,0.8,11.2,0.019,2.2,63.0,2.0,Ib
김천부항,2022,2,7.4,2.3,1.4,12.7,0.0103,7.3,5.0,0.0,Ib
김천부항,2022,3,7.5,2.3,1.2,13.1,0.0053,4.2,4.0,0.0,Ib
김천부항,2022,4,6.9,1.9,1.4,11.8,0.0133,1.9,4.0,0.0,Ib
김천부항,2022,5,7.1,2.9,3.8,10.9,0.011,7.7,9.0,0.0,Ib
김천부항,2022,6,7.4,2.3,1.3,9.7,0.0143,4.9,8.0,1.0,Ib
김천부항,2022,7,6.7,2.4,1.0,9.2,0.0207,4.5,21.0,4.0,II
김천부항,2022,8,7.5,2.4,2.0,7.7,0.0133,5.3,24.0,6.0,Ib
김천부항,2022,9,7.0,2.0,0.8,7.1,0.018,3.3,2267.0,411.0,III
김천부항,2022,10,7.2,2.7,2.4,7.8,0.0247,5.7,1600.0,473.0,III
김천부항,2022,11,7.9,3.2,2.5,8.4,0.0107,9.4,45.0,2.0,II
김천부항,2022,12,7.4,2.6,1.3,8.2,0.018,2.4,70.0,1.0,Ib
남강,2021,1,7.8,2.0,0.6,14.0,0.0089,4.5,1.0,0.0,Ia
남강,2021,2,7.8,1.8,0.4,13.5,0.0043,3.9,1.0,0.0,Ia
남강,2021,3,8.2,1.8,1.6,13.0,0.0056,2.5,1.0,0.0,Ib
남강,2021,4,7.7,1.7,1.2,10.6,0.01,3.2,4.0,2.0,Ib
남강,2021,5,7.6,1.6,2.3,9.8,0.0063,0.9,36.0,0.0,Ib
남강,2021,6,7.8,2.2,2.3,7.2,0.0052,3.7,23.0,0.0,Ib
남강,2021,7,7.0,2.5,8.4,8.3,0.0331,4.7,1041.0,29.0,III
남강,2021,8,7.1,2.6,3.6,6.4,0.0264,4.1,110.0,1.0,II
남강,2021,9,7.6,2.6,4.9,8.4,0.0294,6.4,1193.0,1.0,III
남강,2021,10,7.5,2.3,1.0,7.3,0.0176,2.8,1284.0,1.0,III
남강,2021,11,7.2,2.1,3.5,9.7,0.0154,3.1,2874.0,1.0,III
남강,2021,12,6.6,1.8,2.3,11.4,0.0116,2.8,16.0,0.0,Ib
남강,2022,1,6.1,1.9,1.6,13.1,0.0138,2.7,1.0,0.0,IV
남강,2022,2,6.6,1.6,1.9,14.0,0.0124,2.4,1.0,0.0,Ib
남강,2022,3,6.3,1.8,1.0,13.3,0.008,2.9,10.0,0.0,IV
남강,2022,4,6.7,1.8,1.0,10.4,0.0171,2.7,114.0,15.0,Ib
남강,2022,5,7.0,2.3,2.4,8.3,0.0109,3.6,167.0,1.0,Ib
남강,2022,6,6.9,2.1,2.1,6.4,0.0196,2.5,1143.0,6.0,III
남강,2022,7,7.8,3.1,4.2,7.3,0.0234,4.0,4133.0,1.0,III
남강,2022,8,7.3,2.7,2.4,6.8,0.0259,5.6,1229.0,8.0,III
남강,2022,9,7.4,3.2,7.2,9.0,0.0394,4.4,976.0,20.0,III
남강,2022,10,7.5,3.2,6.7,7.5,0.0154,3.7,4700.0,4.0,III
남강,2022,11,7.1,2.6,2.0,8.1,0.0077,0.8,1169.0,2.0,III
남강,2022,12,7.2,2.4,3.5,10.8,0.0091,1.4,190.0,6.0,Ib
대청,2021,1,8.0,2.2,1.7,12.3,0.0136,2.7,2.0,0.0,Ib
대청,2021,2,7.9,2.4,1.6,13.3,0.0127,5.2,2.0,0.0,Ib
대청,2021,3,7.7,2.3,1.7,12.3,0.0128,3.2,4.0,0.0,Ib
대청,2021,4,7.7,2.1,1.2,11.5,0.0117,1.7,3.0,0.0,Ib
대청,2021,5,8.0,2.2,2.2,8.9,0.0118,4.1,6.0,3.0,Ib
대청,2021,6,8.3,2.2,1.5,7.3,0.0117,2.9,57.0,5.0,Ib
대청,2021,7,8.3,2.5,3.4,5.2,0.0177,8.2,43.0,6.0,Ib
대청,2021,8,8.6,2.9,2.9,4.6,0.0133,7.1,39.0,7.0,lb
대청,2021,9,7.6,2.7,2.5,6.1,0.0204,6.6,49.0,8.0,II
대청,2021,10,7.5,2.5,2.2,6.0,0.0216,5.9,31.0,4.0,II
대청,2021,11,7.3,2.3,2.4,7.6,0.0125,6.1,7.0,2.0,Ib
대청,2021,12,7.3,2.2,1.3,9.1,0.0149,1.9,23.0,4.0,Ib
대청,2022,1,7.4,2.4,1.1,11.0,0.0121,2.2,8.0,1.0,Ib
대청,2022,2,7.3,2.3,1.3,12.0,0.0107,2.0,13.0,0.0,Ib
대청,2022,3,7.5,2.1,1.0,12.7,0.0116,1.5,43.0,0.0,Ib
대청,2022,4,7.5,2.1,1.0,11.7,0.0116,1.6,57.0,0.0,Ib
대청,2022,5,7.8,2.2,1.2,10.2,0.0098,2.1,23.0,5.0,Ib
대청,2022,6,7.9,2.2,1.7,8.4,0.01,4.6,13.0,1.0,Ib
대청,2022,7,7.8,2.2,1.7,6.3,0.0149,5.7,36.0,1.0,Ib
대청,2022,8,7.7,2.3,4.0,5.6,0.0185,4.7,49.0,11.0,Ib
대청,2022,9,7.3,3.1,2.6,5.5,0.0261,8.7,43.0,3.0,II
대청,2022,10,7.7,3.2,4.1,7.5,0.0252,11.0,68.0,9.0,II
대청,2022,11,7.5,2.9,2.1,8.1,0.0131,5.2,14.0,1.0,Ib
대청,2022,12,7.5,2.8,1.4,9.4,0.0132,4.9,10.0,1.0,Ib
밀양,2021,1,6.8,1.5,1.1,10.6,0.0087,1.1,47.0,2.0,Ib
밀양,2021,2,7.0,1.3,4.0,11.7,0.0077,0.9,6.0,0.0,Ib
밀양,2021,3,6.7,1.4,5.3,11.7,0.0112,0.8,73.0,1.0,III
밀양,2021,4,6.6,1.5,3.7,11.0,0.0097,1.5,72.0,4.0,Ib
밀양,2021,5,7.2,1.3,1.4,10.1,0.018,1.2,18.0,3.0,Ib
밀양,2021,6,6.9,1.3,1.4,9.2,0.007,2.0,49.0,15.0,Ib
밀양,2021,7,6.8,1.4,1.5,9.2,0.0093,1.4,84.0,15.0,Ib
밀양,2021,8,7.3,1.6,1.6,8.8,0.0112,1.5,357.0,21.0,Ib
밀양,2021,9,7.0,1.8,1.6,8.1,0.0152,19.0,903.0,13.0,III
밀양,2021,10,7.2,2.1,1.7,8.0,0.0089,1.9,653.0,0.0,II
밀양,2021,11,6.9,1.3,1.4,8.5,0.0099,3.8,178.0,1.0,Ib
밀양,2021,12,7.4,1.3,1.1,9.8,0.0093,3.2,28.0,0.0,Ib
밀양,2022,1,7.4,1.3,1.1,11.0,0.0075,2.1,13.0,1.0,Ib
밀양,2022,2,7.6,1.3,1.7,11.1,0.0087,1.7,11.0,1.0,Ib
밀양,2022,3,7.4,1.3,1.7,11.8,0.0092,1.4,5.0,0.0,Ib
밀양,2022,4,7.3,1.2,1.1,10.9,0.0093,1.9,4.0,0.0,Ib
밀양,2022,5,7.3,1.4,1.5,10.3,0.0105,2.8,4.0,0.0,Ib
밀양,2022,6,7.1,1.4,2.0,10.0,0.0123,1.3,30.0,1.0,Ib
밀양,2022,7,7.4,1.4,5.8,9.1,0.0142,6.7,27.0,1.0,III
밀양,2022,8,7.8,1.5,4.7,7.8,0.0123,1.1,40.0,2.0,Ib
밀양,2022,9,6.8,1.2,0.9,8.4,0.0165,5.5,50.0,1.0,Ib
밀양,2022,10,6.5,1.9,3.5,7.4,0.0175,5.5,37.0,3.0,Ib
밀양,2022,11,6.5,1.5,3.4,8.2,0.0095,1.1,303.0,4.0,Ib
밀양,2022,12,6.3,1.4,2.1,8.8,0.0093,0.9,43.0,2.0,IV
보령,2021,1,7.5,1.3,1.0,11.9,0.0098,4.9,49.0,0.0,Ia
보령,2021,2,7.5,1.3,1.1,12.9,0.0113,2.2,25.0,0.0,Ib
보령,2021,3,7.4,1.5,2.2,12.7,0.0114,1.2,82.0,7.0,Ib
보령,2021,4,7.6,1.3,2.4,11.3,0.0114,8.8,45.0,0.0,Ib
보령,2021,5,7.9,1.4,2.1,10.1,0.0128,10.6,25.0,0.0,II
보령,2021,6,7.5,1.4,5.4,8.7,0.013,4.9,860.0,91.0,III
보령,2021,7,7.4,1.5,3.3,6.7,0.0129,6.3,783.0,32.0,II
보령,2021,8,7.1,1.4,2.3,5.9,0.0098,3.9,315.0,5.0,Ib
보령,2021,9,7.4,1.8,4.4,7.9,0.0151,9.8,358.0,6.0,II
보령,2021,10,7.5,1.6,1.7,7.7,0.0127,2.9,125.0,2.0,Ib
보령,2021,11,7.7,1.6,3.1,9.6,0.0126,6.9,263.0,3.0,Ib
보령,2021,12,7.6,1.6,2.1,11.1,0.0077,6.4,422.0,23.0,Ib
보령,2022,1,7.5,1.4,2.0,12.8,0.0066,4.0,21.0,1.0,Ib
보령,2022,2,8.0,1.6,2.2,13.2,0.0043,6.8,39.0,0.0,Ib
보령,2022,3,7.9,1.7,2.9,12.8,0.0124,4.7,5.0,,la
보령,2022,4,8.2,1.8,3.9,11.3,0.0267,8.5,34.0,0.0,II
보령,2022,5,8.3,1.8,3.0,10.3,0.0166,4.7,76.0,0.0,Ib
보령,2022,6,7.8,1.9,3.2,8.2,0.0253,2.1,931.0,21.0,II
보령,2022,7,8.2,2.2,5.6,8.1,0.0227,7.2,1138.0,7.0,III
보령,2022,8,7.7,1.8,1.0,7.3,0.0117,4.1,1078.0,5.0,III
보령,2022,9,7.5,1.7,2.7,6.7,0.0204,2.1,2055.0,13.0,III
보령,2022,10,7.6,1.8,2.5,7.2,0.0184,1.6,1292.0,15.0,III
보령,2022,11,7.8,1.6,2.5,9.4,0.0217,3.0,256.0,1.0,II
보령,2022,12,7.9,1.6,2.6,11.1,0.0202,2.3,171.0,2.0,II
보현산,2021,1,8.0,4.4,2.9,11.9,0.0217,7.6,44.0,22.0,III
보현산,2021,2,,,,,,,,,Vl
보현산,2021,3,7.9,4.7,2.4,12.5,0.0153,11.8,247.0,5.0,III
보현산,2021,4,7.4,4.5,2.1,10.3,0.0167,7.6,128.0,4.0,III
보현산,2021,5,7.8,4.2,2.3,9.4,0.0157,4.2,1300.0,6.0,III
보현산,2021,6,7.3,3.9,2.0,7.3,0.016,2.6,111.0,21.0,II
보현산,2021,7,7.1,3.9,3.1,7.0,0.021,1.7,135.0,72.0,II
보현산,2021,8,7.4,5.0,9.7,6.2,0.0213,8.1,19.0,9.0,III
보현산,2021,9,7.5,5.3,13.2,6.4,0.0543,15.2,129.0,46.0,IV
보현산,2021,10,6.8,4.3,3.6,6.3,0.037,7.8,363.0,237.0,III
보현산,2021,11,7.9,4.0,4.3,6.3,0.025,4.9,330.0,184.0,II
보현산,2021,12,8.2,3.9,2.3,9.4,0.0183,4.1,420.0,153.0,II
보현산,2022,1,8.0,4.2,2.9,11.2,0.0183,2.7,94.0,21.0,III
보현산,2022,2,,,,,,,,,Vl
보현산,2022,3,8.6,3.8,4.5,11.6,0.0193,15.2,80.0,0.0,ll
보현산,2022,4,8.4,3.8,1.4,11.0,0.018,2.3,68.0,0.0,II
보현산,2022,5,8.6,3.7,4.1,10.3,0.015,3.2,1.0,0.0,ll
보현산,2022,6,8.0,4.1,1.2,7.3,0.0173,1.8,7.0,0.0,III
보현산,2022,7,8.1,4.0,2.7,5.9,0.0197,5.3,19.0,5.0,II
보현산,2022,8,7.4,4.3,7.1,4.9,0.029,8.9,53.0,7.0,IV
보현산,2022,9,7.5,4.8,8.8,6.1,0.021,4.7,163.0,33.0,III
보현산,2022,10,7.9,3.6,8.0,5.2,0.024,3.9,8.0,6.0,III
보현산,2022,11,7.5,3.6,8.1,8.9,0.0193,10.9,103.0,0.0,III
보현산,2022,12,7.9,3.4,3.1,10.3,0.0197,6.9,3063.0,434.0,III
부안,2021,1,6.7,2.0,1.7,9.8,0.0052,0.1,4.0,0.0,Ib
부안,2021,2,6.8,1.8,1.7,11.0,0.0066,0.0,3.0,0.0,Ib
부안,2021,3,6.9,1.7,2.1,10.7,0.0022,0.1,3.0,0.0,Ib
부안,2021,4,6.9,1.7,2.0,10.2,0.0037,0.1,3.0,0.0,Ib
부안,2021,5,7.0,1.9,2.0,3.4,0.0063,0.1,3.6,0.0,IV
부안,2021,6,6.8,2.0,2.1,8.5,0.011,0.1,4.0,0.0,Ib
부안,2021,7,7.0,2.0,1.7,8.4,0.0079,0.1,3.0,0.0,Ib
부안,2021,8,7.1,2.1,2.5,7.6,0.0073,0.1,4.0,0.0,Ib
부안,2021,9,6.5,1.9,1.1,7.4,0.0088,0.1,4.0,0.0,Ib
부안,2021,10,6.5,1.6,1.4,6.9,0.0061,0.1,3.0,0.0,Ib
부안,2021,11,6.7,2.0,1.0,8.1,0.0081,0.0,3.0,0.0,Ia
부안,2021,12,6.8,1.4,1.4,9.2,0.007,0.0,4.0,0.0,Ib
부안,2022,1,7.1,1.9,1.6,10.5,0.0073,0.0,4.0,0.0,Ib
부안,2022,2,6.8,1.8,1.2,11.7,0.0054,1.9,3.0,0.0,Ib
부안,2022,3,7.0,2.0,0.5,11.9,0.0053,0.9,4.0,0.0,Ia
부안,2022,4,6.8,1.8,1.3,11.1,0.0063,2.8,4.0,0.0,Ib
부안,2022,5,7.2,2.0,1.7,9.4,0.008,3.5,4.0,0.0,Ib
부안,2022,6,7.1,2.1,2.3,9.2,0.0088,1.9,5.0,0.0,Ib
부안,2022,7,7.0,2.2,1.3,7.9,0.0061,2.5,6.0,0.0,Ib
부안,2022,8,6.8,2.2,2.2,7.7,0.0113,2.1,5.0,0.0,Ib
부안,2022,9,6.6,2.2,1.2,7.7,0.0088,2.3,5.0,0.0,Ib
부안,2022,10,6.4,2.2,2.0,7.6,0.0049,0.9,4.0,0.0,IV
부안,2022,11,6.5,1.9,1.2,8.5,0.0053,0.5,4.7,0.0,Ib
부안,2022,12,6.8,1.7,1.4,9.6,0.0056,0.2,4.0,0.0,Ib
섬진강,2021,1,7.4,2.0,2.0,9.3,0.0087,3.0,80.0,0.0,Ib
섬진강,2021,2,7.4,2.0,1.7,10.1,0.0103,0.5,70.0,0.0,Ib
섬진강,2021,3,7.5,2.0,2.0,9.7,0.0098,3.3,71.0,0.0,Ib
섬진강,2021,4,7.8,2.0,2.0,10.7,0.0087,3.1,71.0,0.0,Ib
섬진강,2021,5,7.9,2.0,1.9,9.8,0.0091,2.9,66.0,0.0,Ib
섬진강,2021,6,7.8,1.9,2.0,8.3,0.0083,3.0,63.0,0.0,Ib
섬진강,2021,7,8.2,2.0,2.2,8.2,0.017,12.0,77.0,0.0,II
섬진강,2021,8,8.0,2.3,3.5,9.3,0.018,9.9,78.0,0.0,II
섬진강,2021,9,8.3,2.4,3.3,9.0,0.0189,8.4,75.0,0.0,Ib
섬진강,2021,10,7.9,2.2,2.4,9.0,0.0147,3.0,71.0,0.0,Ib
섬진강,2021,11,7.5,2.1,2.2,10.1,0.0094,1.1,72.0,0.0,Ib
섬진강,2021,12,7.2,2.0,1.8,10.3,0.0094,0.8,75.0,0.0,Ib
섬진강,2022,1,7.3,2.0,1.8,9.6,0.0099,0.7,71.0,0.0,Ib
섬진강,2022,2,7.3,2.1,1.7,9.7,0.0082,0.9,73.0,0.0,Ib
섬진강,2022,3,7.3,2.0,1.8,9.7,0.0089,2.1,72.0,0.0,Ib
섬진강,2022,4,8.2,2.0,1.8,10.5,0.0133,2.5,68.0,0.0,Ib
섬진강,2022,5,7.9,1.9,1.8,10.1,0.0097,2.6,72.0,0.0,Ib
섬진강,2022,6,7.8,2.5,1.8,10.0,0.0101,0.8,57.0,0.0,Ib
섬진강,2022,7,7.9,2.6,2.4,6.7,0.0154,4.8,558.0,2.0,II
섬진강,2022,8,8.4,2.5,2.8,7.2,0.0169,8.3,358.0,2.0,Ib
섬진강,2022,9,7.9,2.7,2.6,6.1,0.0172,7.2,171.0,0.1,Ib
섬진강,2022,10,7.5,2.4,2.5,9.2,0.0159,10.1,1034.0,89.0,III
섬진강,2022,11,7.6,2.1,3.7,10.2,0.0157,4.1,854.0,1.0,II
섬진강,2022,12,7.4,2.2,1.8,10.4,0.0159,3.9,2311.0,2.0,III
성덕,2021,1,7.4,3.2,2.3,10.3,0.0083,3.7,6.0,1.0,II
성덕,2021,2,7.5,3.1,0.6,11.3,0.0063,2.3,9.0,0.0,II
성덕,2021,3,7.6,3.2,1.5,11.9,0.0067,4.6,28.0,1.0,II
성덕,2021,4,7.5,3.0,1.1,10.7,0.005,2.9,19.0,1.0,Ib
성덕,2021,5,7.7,2.5,0.9,9.7,0.0083,1.9,132.0,8.0,Ib
성덕,2021,6,7.5,2.5,0.3,8.3,0.0087,1.2,20.0,1.0,Ib
성덕,2021,7,7.5,2.6,1.1,7.2,0.0167,1.2,67.0,44.0,Ib
성덕,2021,8,7.4,2.8,1.2,6.8,0.0123,4.5,4.0,2.0,Ib
성덕,2021,9,6.6,4.1,21.0,6.2,0.066,18.3,263.0,130.0,V
성덕,2021,10,6.9,3.8,6.7,4.7,0.0203,28.7,1078.0,706.0,IV
성덕,2021,11,6.7,2.9,3.4,6.4,0.0223,3.2,150.0,107.0,II
성덕,2021,12,7.5,2.7,0.6,6.6,0.01,0.7,58.0,31.0,Ib
성덕,2022,1,7.5,2.7,0.5,11.1,0.014,1.1,4.0,0.0,Ib
성덕,2022,2,8.0,2.6,0.8,12.1,0.0107,2.5,2.0,0.0,Ib
성덕,2022,3,7.4,2.8,1.4,12.2,0.008,2.2,9.0,0.0,Ib
성덕,2022,4,6.0,2.6,1.1,11.6,0.015,0.9,14.0,0.0,IV
성덕,2022,5,7.4,2.5,1.0,10.3,0.0103,1.4,5.0,0.0,Ib
성덕,2022,6,6.8,2.6,0.4,9.6,0.0077,0.8,3.0,0.0,Ib
성덕,2022,7,6.8,2.5,0.6,8.5,0.0247,0.8,3.0,0.0,II
성덕,2022,8,8.0,2.5,0.5,7.4,0.0093,1.8,4.0,1.0,Ib
성덕,2022,9,7.3,2.4,1.5,7.5,0.0113,4.5,39.0,16.0,Ib
성덕,2022,10,8.6,4.3,9.0,7.7,0.0173,42.5,25.0,9.0,lll
성덕,2022,11,7.8,3.4,4.5,4.5,0.008,22.4,42.0,1.0,IV
성덕,2022,12,6.6,2.9,3.2,5.8,0.011,8.4,630.0,1.0,II
소양강,2021,1,7.3,1.8,0.3,10.3,0.0078,0.9,33.0,1.0,Ia
소양강,2021,2,7.2,1.8,0.5,10.2,0.0095,1.1,19.0,1.0,Ia
소양강,2021,3,7.3,1.7,0.6,11.7,0.0089,1.2,22.0,0.0,Ia
소양강,2021,4,7.1,1.7,0.9,10.7,0.0102,2.2,143.0,4.0,Ib
소양강,2021,5,7.5,1.6,1.4,10.1,0.0083,1.3,105.0,0.0,Ib
소양강,2021,6,7.6,1.8,1.5,9.3,0.0086,0.7,198.0,1.0,Ib
소양강,2021,7,7.9,1.7,4.0,8.5,0.0097,1.2,289.0,0.0,Ib
소양강,2021,8,7.6,1.8,2.7,8.7,0.0054,1.2,71.0,4.0,Ib
소양강,2021,9,7.6,1.7,2.1,8.2,0.0059,1.3,113.0,0.0,Ib
소양강,2021,10,7.4,1.7,7.0,8.0,0.0092,1.4,103.0,0.0,III
소양강,2021,11,7.2,1.6,0.6,8.5,0.01,1.5,81.0,0.0,Ib
소양강,2021,12,7.2,1.6,1.8,8.4,0.0041,1.2,36.0,0.0,Ib
소양강,2022,1,7.1,1.5,0.6,8.3,0.0093,2.3,7.0,0.0,Ia
소양강,2022,2,6.6,1.4,1.7,9.4,0.0099,1.6,1.0,0.0,Ib
소양강,2022,3,6.6,1.4,1.2,12.1,0.0065,1.8,1.0,0.0,Ib
소양강,2022,4,7.0,1.5,1.7,9.0,0.0098,2.0,14.0,0.0,Ib
소양강,2022,5,7.6,1.6,1.5,10.8,0.0097,1.9,2.0,0.0,Ib
소양강,2022,6,7.4,1.8,3.3,8.6,0.0095,0.7,1.0,0.0,Ib
소양강,2022,7,7.2,2.0,2.6,8.6,0.0109,3.0,33.0,7.0,Ib
소양강,2022,8,7.7,2.0,2.7,8.4,0.01,1.4,930.0,13.0,II
소양강,2022,9,6.9,2.0,1.9,7.9,0.0077,2.1,562.0,42.0,II
소양강,2022,10,6.8,2.0,1.2,7.8,0.0077,2.1,362.0,224.0,III
소양강,2022,11,7.0,1.9,1.8,8.1,0.0087,1.5,100.0,5.0,Ib
소양강,2022,12,6.9,1.8,1.3,8.1,0.0108,0.4,40.0,2.0,Ib
안동,2021,1,7.1,3.0,2.6,8.9,0.0104,1.1,0.0,0.0,Ib
안동,2021,2,7.2,2.9,2.1,10.4,0.0113,0.9,0.0,0.0,Ib
안동,2021,3,7.5,3.0,7.1,11.5,0.0158,1.3,0.0,0.0,III
안동,2021,4,7.4,3.1,3.4,11.0,0.0143,1.7,0.0,0.0,II
안동,2021,5,7.7,3.3,2.4,10.4,0.015,2.8,0.0,0.0,II
안동,2021,6,7.6,2.9,3.1,9.0,0.0154,2.6,0.0,0.0,Ib
안동,2021,7,7.6,2.8,4.1,8.0,0.0189,1.9,28.0,5.0,Ib
안동,2021,8,7.7,3.0,2.9,8.0,0.0169,1.5,77.0,6.0,Ib
안동,2021,9,6.8,2.6,2.9,5.9,0.0238,3.6,163.0,23.0,II
안동,2021,10,7.3,2.6,4.6,5.7,0.0308,3.1,115.0,33.0,III
안동,2021,11,7.4,2.6,5.2,6.5,0.0297,2.9,110.0,2.0,III
안동,2021,12,6.8,2.8,4.9,8.3,0.0241,2.8,93.0,0.0,II
안동,2022,1,7.9,2.6,3.1,7.1,0.0201,2.0,136.0,3.0,II
안동,2022,2,8.1,2.5,3.4,8.3,0.0174,1.4,127.0,1.0,Ib
안동,2022,3,7.6,2.4,2.9,8.2,0.0156,2.1,93.0,0.0,Ib
안동,2022,4,7.3,2.4,2.6,12.5,0.0134,1.8,108.0,0.0,Ib
안동,2022,5,7.8,2.5,2.0,11.1,0.0111,1.9,76.0,0.0,Ib
안동,2022,6,7.8,2.7,2.2,9.2,0.0134,2.3,99.0,0.0,Ib
안동,2022,7,8.0,2.6,2.9,8.1,0.0137,3.5,,,lb
안동,2022,8,8.3,3.2,2.8,6.9,0.0154,6.5,109.0,0.0,II
안동,2022,9,8.6,2.7,2.7,5.1,0.0169,1.5,,,lb
안동,2022,10,7.9,3.0,2.6,6.1,0.0179,1.7,139.0,0.0,Ib
안동,2022,11,7.8,2.7,2.3,6.9,0.0218,2.5,110.0,0.0,II
안동,2022,12,8.0,2.4,2.6,8.5,0.0199,2.2,75.0,0.0,Ib
영주,2021,1,6.8,3.5,2.3,10.1,0.0513,1.6,83.0,12.0,IV
영주,2021,2,6.9,3.2,1.5,11.4,0.04,2.0,179.0,9.0,III
영주,2021,3,7.5,4.6,18.1,11.8,0.0838,28.3,2612.0,725.0,V
영주,2021,4,7.4,3.9,5.7,9.9,0.0343,14.1,805.0,17.0,III
영주,2021,5,7.5,3.2,3.0,6.7,0.0205,3.8,97.0,25.0,II
영주,2021,6,7.6,3.6,3.6,5.2,0.0434,6.9,13.0,10.0,III
영주,2021,7,7.9,3.6,13.6,5.6,0.1015,4.8,1237.0,258.0,V
영주,2021,8,8.1,4.9,16.7,5.7,0.068,20.0,721.0,525.0,V
영주,2021,9,7.8,4.5,10.4,6.0,0.0969,16.8,1452.0,374.0,IV
영주,2021,10,7.6,3.8,5.2,4.9,0.0689,16.7,85.0,53.0,IV
영주,2021,11,7.8,3.0,3.9,5.7,0.0672,10.8,959.0,338.0,IV
영주,2021,12,7.5,2.8,4.0,6.7,0.05,12.5,440.0,69.0,III
영주,2022,1,8.2,3.0,4.1,6.3,0.0356,3.8,127.0,3.0,III
영주,2022,2,6.9,2.9,6.3,6.0,0.0248,10.7,8.0,1.0,III
영주,2022,3,8.0,2.6,4.8,12.1,0.0137,31.6,10.0,0.0,IV
영주,2022,4,7.6,3.0,5.6,10.7,0.032,17.8,73.0,2.0,III
영주,2022,5,7.6,2.6,2.1,6.8,0.0198,7.6,12.0,4.0,Ib
영주,2022,6,7.7,3.4,2.0,4.7,0.03,11.6,63.0,11.0,IV
영주,2022,7,7.8,4.6,5.2,4.9,0.064,20.9,92.0,36.0,IV
영주,2022,8,8.0,4.5,7.3,4.2,0.0615,15.8,97.0,50.0,IV
영주,2022,9,8.3,3.9,1.7,5.0,0.0898,20.9,322.0,86.0,IV
영주,2022,10,7.4,3.3,0.7,4.4,0.0763,12.3,71.0,46.0,IV
영주,2022,11,8.2,3.2,0.3,7.6,0.0326,10.9,,,ll
영주,2022,12,7.6,2.9,2.4,7.9,0.0231,9.5,333.0,21.0,II
용담,2021,1,7.5,1.7,2.0,9.5,0.0138,11.1,11.0,0.0,II
용담,2021,2,7.8,1.7,2.0,11.1,0.007,6.1,9.0,0.0,Ib
용담,2021,3,7.8,1.7,0.8,11.3,0.0086,3.7,12.0,0.0,Ia
용담,2021,4,7.7,1.6,0.5,10.3,0.0088,2.0,554.0,0.0,II
용담,2021,5,7.4,1.6,0.7,9.5,0.0091,1.0,34.0,0.0,Ia
용담,2021,6,7.7,1.6,0.6,8.7,0.0101,2.1,497.0,0.0,Ib
용담,2021,7,8.2,1.7,0.9,8.5,0.0105,0.6,410.0,0.0,Ib
용담,2021,8,7.3,1.9,3.1,7.9,0.0099,3.4,1184.0,0.0,III
용담,2021,9,7.4,2.0,1.4,7.6,0.0114,2.9,1026.0,0.0,III
용담,2021,10,8.1,2.0,1.2,7.7,0.0107,3.3,121.0,0.0,Ib
용담,2021,11,8.0,2.0,1.3,7.4,0.0105,3.7,143.0,0.0,Ib
용담,2021,12,8.1,2.0,1.2,10.5,0.0103,3.1,149.0,0.0,Ib
용담,2022,1,7.4,1.7,1.4,10.1,0.0114,5.5,8.0,0.0,Ib
용담,2022,2,7.5,1.8,1.6,12.8,0.0111,6.1,11.0,0.0,Ib
용담,2022,3,7.8,1.8,0.7,10.9,0.0113,3.1,11.0,0.0,Ib
용담,2022,4,7.7,1.8,0.5,10.5,0.0085,3.3,510.0,0.0,II
용담,2022,5,7.7,1.9,0.6,9.6,0.009,2.7,537.0,0.0,II
용담,2022,6,7.8,2.0,0.8,10.0,0.0107,3.2,668.0,0.0,II
용담,2022,7,8.4,1.9,0.8,9.0,0.0109,2.4,383.0,0.0,Ib
용담,2022,8,8.0,2.0,1.2,8.1,0.0109,2.8,672.0,0.0,II
용담,2022,9,8.0,2.1,1.1,8.1,0.0121,4.1,585.0,0.0,II
용담,2022,10,8.7,2.0,1.3,9.5,0.0107,2.7,120.0,0.0,la
용담,2022,11,8.3,2.1,1.0,7.8,0.0107,1.5,118.0,0.0,Ib
용담,2022,12,7.4,1.9,1.1,8.1,0.0104,1.5,99.0,0.0,Ib
임하,2021,1,7.6,5.0,7.8,11.0,0.0251,0.4,1.0,0.0,III
임하,2021,2,7.4,4.9,8.8,11.0,0.0241,0.3,2.0,0.0,III
임하,2021,3,7.7,4.4,19.8,11.5,0.0201,0.6,1.0,0.0,V
임하,2021,4,7.4,4.2,6.8,10.6,0.0234,0.5,1.0,0.0,III
임하,2021,5,7.4,3.8,4.6,9.3,0.0191,0.6,0.0,0.0,II
임하,2021,6,7.5,3.6,4.4,8.4,0.0181,0.7,1.0,0.0,II
임하,2021,7,7.6,3.8,3.7,7.9,0.0221,1.3,36.0,7.0,II
임하,2021,8,7.6,3.8,4.8,8.4,0.0189,1.4,64.0,4.0,II
임하,2021,9,7.1,3.8,4.9,6.5,0.03,2.2,84.0,24.0,II
임하,2021,10,7.2,4.3,6.2,6.7,0.0308,2.2,277.0,39.0,III
임하,2021,11,7.5,3.8,5.8,7.3,0.0316,2.1,281.0,2.0,III
임하,2021,12,8.3,3.6,2.6,9.4,0.0237,0.8,101.0,1.0,II
임하,2022,1,8.0,3.9,3.0,8.6,0.0202,1.6,161.0,10.0,II
임하,2022,2,8.2,3.8,3.0,8.6,0.0198,1.0,134.0,2.0,II
임하,2022,3,7.5,3.4,2.2,11.9,0.0164,2.4,132.0,0.0,II
임하,2022,4,7.3,3.3,2.0,12.2,0.0154,2.4,131.0,0.0,II
임하,2022,5,7.8,3.2,1.8,8.6,0.0124,2.1,124.0,0.0,II
임하,2022,6,7.9,3.2,2.3,8.5,0.0219,2.5,169.0,0.0,II
임하,2022,7,8.3,3.3,3.1,7.5,0.0259,3.2,119.0,0.0,II
임하,2022,8,8.2,3.3,6.1,7.0,0.0249,3.1,104.0,0.0,III
임하,2022,9,8.3,4.3,5.9,6.4,0.0266,1.7,,,lll
임하,2022,10,7.9,4.8,3.1,8.1,0.0254,1.5,162.0,0.0,III
임하,2022,11,7.7,4.5,3.8,7.8,0.0291,2.3,213.0,0.0,III
임하,2022,12,7.8,3.9,3.4,9.3,0.0262,2.0,76.0,0.0,II
장흥,2021,1,7.1,1.6,1.8,10.9,0.006,1.8,136.0,0.0,Ib
장흥,2021,2,7.8,1.7,1.4,12.7,0.0139,2.8,0.0,0.0,Ib
장흥,2021,3,7.3,1.7,0.9,12.5,0.0132,6.7,9.0,0.0,Ib
장흥,2021,4,7.8,1.6,1.1,11.4,0.0146,7.5,16.0,0.0,Ib
장흥,2021,5,7.1,1.6,1.0,11.4,0.0113,2.9,168.0,1.0,Ib
장흥,2021,6,7.8,1.8,1.0,10.9,0.0086,3.2,60.0,0.0,Ib
장흥,2021,7,8.2,2.1,1.1,7.0,0.0178,14.4,385.0,57.0,III
장흥,2021,8,7.1,2.0,1.0,5.9,0.0167,5.4,1801.0,18.0,III
장흥,2021,9,7.4,1.9,1.5,6.5,0.0061,4.4,653.0,0.0,II
장흥,2021,10,7.2,2.0,3.2,6.5,0.0083,4.0,59.0,0.0,Ib
장흥,2021,11,7.5,2.0,1.7,7.9,0.0094,2.9,138.0,0.0,Ib
장흥,2021,12,6.9,7.8,1.4,8.5,0.0165,1.3,205.0,0.0,V
장흥,2022,1,7.1,1.9,1.2,11.0,0.0083,1.9,136.0,0.0,Ib
장흥,2022,2,7.4,1.8,2.0,13.5,0.0071,5.5,14.0,0.0,Ib
장흥,2022,3,7.6,1.7,1.2,13.1,0.0088,9.5,1.0,0.0,II
장흥,2022,4,7.4,1.8,1.2,12.0,0.0087,6.0,18.0,0.0,Ib
장흥,2022,5,7.2,1.6,1.3,10.2,0.0068,4.0,176.0,2.0,Ib
장흥,2022,6,7.7,1.9,2.1,6.6,0.0087,4.9,30.0,0.0,Ib
장흥,2022,7,7.2,2.0,0.8,6.3,0.0082,6.3,14.0,0.0,Ib
장흥,2022,8,6.9,1.9,1.1,7.3,0.0083,2.7,879.0,0.0,II
장흥,2022,9,7.2,2.3,1.7,7.5,0.0112,5.2,4198.0,1.0,III
장흥,2022,10,7.3,2.1,1.8,8.1,0.017,10.3,179.0,3.0,II
장흥,2022,11,6.8,1.9,2.4,9.5,0.0172,10.7,1118.0,0.0,III
장흥,2022,12,7.2,2.1,1.5,9.8,0.0078,5.8,202.0,0.0,Ib
주암(본),2021,1,7.3,1.7,1.4,11.1,0.0085,3.8,30.0,1.0,Ib
주암(본),2021,2,7.6,1.8,1.5,11.9,0.0108,2.9,19.0,1.0,Ib
주암(본),2021,3,7.4,1.8,1.2,12.0,0.0082,3.1,16.0,1.0,Ib
주암(본),2021,4,7.6,1.7,1.5,10.8,0.0112,4.4,113.0,2.0,Ib
주암(본),2021,5,7.3,1.9,2.3,9.9,0.0123,6.8,124.0,1.0,Ib
주암(본),2021,6,7.5,2.3,2.3,8.6,0.0112,7.4,151.0,6.0,Ib
주암(본),2021,7,6.8,2.0,2.8,7.2,0.0189,4.5,193.0,5.0,Ib
주암(본),2021,8,7.5,2.1,2.0,6.0,0.0212,5.2,383.0,4.0,II
주암(본),2021,9,7.3,2.2,2.4,5.1,0.0217,4.0,289.0,1.0,II
주암(본),2021,10,6.8,2.2,2.0,5.2,0.0158,4.0,229.0,4.0,Ib
주암(본),2021,11,7.2,2.0,2.1,7.0,0.0111,4.6,160.0,0.3,Ib
주암(본),2021,12,7.8,1.8,1.7,9.0,0.0084,6.0,74.0,0.0,Ib
주암(본),2022,1,7.6,1.9,0.9,11.1,0.0091,4.3,39.0,0.0,Ia
주암(본),2022,2,7.4,1.7,1.2,12.3,0.0101,4.0,17.0,0.0,Ib
주암(본),2022,3,7.4,1.8,1.5,12.1,0.0123,3.8,10.0,0.0,Ib
주암(본),2022,4,7.9,2.0,2.2,11.0,0.0154,6.7,10.0,1.0,Ib
주암(본),2022,5,7.5,2.0,2.5,9.8,0.0168,3.2,37.0,1.0,Ib
주암(본),2022,6,7.7,2.2,3.7,8.0,0.0183,8.0,121.0,2.0,Ib
주암(본),2022,7,7.6,2.3,3.5,6.8,0.0209,6.1,134.0,13.0,II
주암(본),2022,8,7.5,2.3,2.9,5.3,0.0178,4.3,63.0,3.0,Ib
주암(본),2022,9,7.3,2.5,2.4,5.4,0.0232,8.1,47.0,5.0,II
주암(본),2022,10,7.4,2.2,2.3,6.4,0.0186,7.4,45.0,2.0,Ib
주암(본),2022,11,7.6,2.1,1.7,8.8,0.015,7.1,163.0,1.0,Ib
주암(본),2022,12,7.7,1.9,1.7,9.8,0.0159,5.5,104.0,3.0,Ib
주암(조),2021,1,7.0,1.1,2.3,10.4,0.0077,4.3,21.0,1.0,Ib
주암(조),2021,2,7.1,1.2,2.8,10.9,0.008,3.5,14.0,0.0,Ib
주암(조),2021,3,7.7,1.2,2.3,12.6,0.0093,3.4,15.0,1.0,Ib
주암(조),2021,4,7.1,1.1,2.5,12.0,0.0141,3.6,117.0,1.0,Ib
주암(조),2021,5,7.8,1.3,3.5,10.3,0.0155,4.3,101.0,1.0,Ib
주암(조),2021,6,7.4,1.3,2.8,10.5,0.0147,4.6,198.0,1.0,Ib
주암(조),2021,7,6.6,1.3,1.3,8.6,0.0153,3.3,272.0,2.0,Ib
주암(조),2021,8,6.8,1.5,0.7,7.5,0.0172,3.8,710.0,5.0,II
주암(조),2021,9,7.6,1.6,1.7,6.1,0.0165,3.9,770.0,3.0,II
주암(조),2021,10,6.8,1.7,1.4,5.2,0.0145,6.7,687.0,2.0,II
주암(조),2021,11,6.9,1.4,1.1,5.3,0.0133,3.9,404.0,1.0,Ib
주암(조),2021,12,7.6,1.5,2.0,8.3,0.0089,7.8,27.0,0.0,Ib
주암(조),2022,1,7.7,1.4,1.0,10.3,0.009,4.4,17.0,0.0,Ia
주암(조),2022,2,7.2,1.3,1.2,12.6,0.009,3.7,17.0,1.0,Ib
주암(조),2022,3,7.0,1.4,1.0,12.2,0.0075,3.9,18.0,1.0,Ia
주암(조),2022,4,7.5,1.3,1.3,11.7,0.0098,2.8,13.0,2.0,Ib
주암(조),2022,5,7.4,1.3,2.7,9.2,0.0173,2.0,54.0,3.0,Ib
주암(조),2022,6,7.9,1.4,4.1,8.8,0.015,9.0,34.0,3.0,Ib
주암(조),2022,7,8.0,1.8,4.7,8.0,0.0193,7.8,118.0,2.0,Ib
주암(조),2022,8,7.8,1.4,2.0,3.9,0.0117,5.0,133.0,3.0,IV
주암(조),2022,9,8.0,2.2,2.3,5.9,0.0163,12.5,90.0,3.0,II
주암(조),2022,10,7.9,1.8,1.9,6.4,0.0128,10.9,35.0,3.0,II
주암(조),2022,11,7.8,1.8,1.7,8.1,0.0063,11.2,14.0,1.0,II
주암(조),2022,12,7.8,1.9,1.7,9.2,0.0135,4.1,101.0,1.0,Ib
충주,2021,1,8.5,1.7,1.0,11.3,0.0153,1.4,667.0,0.0,II
충주,2021,2,8.1,1.6,1.4,12.4,0.0132,1.7,100.0,0.0,Ib
충주,2021,3,8.2,1.7,1.3,12.5,0.0103,2.1,21.0,0.0,Ib
충주,2021,4,8.1,1.9,1.5,11.4,0.0109,1.7,13.2,0.0,Ib
충주,2021,5,8.2,1.9,0.8,10.5,0.0098,1.8,149.0,0.0,Ib
충주,2021,6,8.2,2.2,1.0,8.9,0.0129,1.7,176.0,0.0,Ib
충주,2021,7,8.1,2.0,1.5,7.4,0.0083,1.8,220.0,0.0,Ib
충주,2021,8,8.3,2.0,1.0,6.7,0.0084,1.5,289.0,0.0,Ib
충주,2021,9,8.2,2.1,2.7,6.2,0.0144,2.1,224.0,1.0,Ib
충주,2021,10,8.4,2.1,1.3,7.1,0.0118,4.1,205.0,0.0,Ib
충주,2021,11,8.2,1.5,1.6,7.7,0.0121,2.4,197.0,1.0,Ib
충주,2021,12,83.0,1.5,1.9,9.7,0.0222,1.8,168.0,1.0,la
충주,2022,1,7.8,1.4,2.1,10.4,0.0131,1.6,61.0,6.0,Ib
충주,2022,2,8.1,1.4,1.2,12.5,0.0205,1.9,21.0,0.0,II
충주,2022,3,8.1,1.3,1.5,12.5,0.014,3.2,7.0,0.0,Ib
충주,2022,4,8.2,1.5,2.1,12.0,0.0114,3.4,12.0,0.0,Ib
충주,2022,5,81.0,1.5,1.2,10.3,0.0123,1.6,11.0,0.0,la
충주,2022,6,8.2,1.6,1.3,8.5,0.0103,1.4,13.0,1.0,Ib
충주,2022,7,8.1,1.7,1.8,7.6,0.03,1.1,19.0,2.0,II
충주,2022,8,8.0,2.0,3.7,7.5,0.0356,3.3,29.0,13.0,III
충주,2022,9,8.4,2.0,3.3,9.2,0.0201,10.3,17.0,7.0,II
충주,2022,10,8.0,1.7,3.7,7.2,0.0213,3.8,12.0,3.0,II
충주,2022,11,7.9,1.7,2.9,7.6,0.0244,2.4,27.0,5.0,II
충주,2022,12,8.0,1.6,3.4,9.1,0.0236,1.0,30.0,12.0,II
합천,2021,1,7.2,2.2,1.3,9.2,0.0091,0.1,112.0,7.0,Ib
합천,2021,2,8.8,2.1,1.2,9.5,0.0096,0.1,23.0,5.0,lb
합천,2021,3,7.1,2.8,1.4,10.5,0.01,0.2,31.0,6.0,Ib
합천,2021,4,6.8,2.2,1.2,9.4,0.0102,0.1,45.0,4.0,Ib
합천,2021,5,7.5,1.9,1.3,8.7,0.0092,0.3,36.0,2.0,Ib
합천,2021,6,7.9,2.1,1.8,7.7,0.0102,0.3,24.0,9.0,Ib
합천,2021,7,9.4,2.0,1.3,5.5,0.0103,0.4,131.0,11.0,la
합천,2021,8,8.0,2.3,1.5,4.8,0.013,0.3,124.0,9.0,IV
합천,2021,9,7.7,2.7,1.7,5.5,0.0137,0.0,123.0,9.0,Ib
합천,2021,10,7.2,2.1,1.9,6.1,0.0143,1.0,123.0,9.0,Ib
합천,2021,11,6.8,2.0,1.7,6.6,0.0131,0.1,92.0,2.0,Ib
합천,2021,12,7.1,1.9,1.5,7.0,0.0121,0.2,31.0,2.0,Ib
합천,2022,1,7.4,2.0,1.2,9.4,0.0107,0.1,29.0,2.0,Ib
합천,2022,2,7.7,1.8,1.2,9.5,0.0103,0.8,25.0,3.0,Ib
합천,2022,3,7.4,1.8,1.3,10.1,0.01,0.7,109.0,5.0,Ib
합천,2022,4,8.0,1.9,1.6,9.4,0.0106,0.2,66.0,3.0,Ib
합천,2022,5,7.2,2.0,1.9,6.1,0.0104,0.2,123.0,9.0,Ib
합천,2022,6,7.8,1.8,1.5,7.2,0.0103,0.2,89.0,4.0,Ib
합천,2022,7,8.2,1.8,1.9,6.0,0.0116,0.2,86.0,8.0,Ib
합천,2022,8,8.4,1.9,2.1,4.0,0.0127,0.4,61.0,6.0,IV
합천,2022,9,7.7,2.1,2.2,4.4,0.0117,0.3,84.0,9.0,IV
합천,2022,10,7.9,2.4,1.7,5.1,0.0123,0.5,92.0,3.0,Ib
합천,2022,11,7.9,2.1,2.5,6.2,0.0126,0.5,73.0,3.0,Ib
합천,2022,12,7.9,2.0,2.0,7.7,0.0112,1.0,27.0,2.0,Ib
횡성,2021,1,,,,,,,,,Vl
횡성,2021,2,,,,,,,,,Vl
횡성,2021,3,7.6,2.0,1.1,11.7,0.0074,6.3,22.0,3.0,Ib
횡성,2021,4,8.8,2.1,1.3,11.6,0.0093,4.0,7.0,0.0,lb
횡성,2021,5,8.6,1.8,1.5,10.2,0.0114,2.5,439.0,0.0,la
횡성,2021,6,7.3,2.2,1.2,9.3,0.0154,13.0,149.0,1.0,II
횡성,2021,7,7.4,2.0,1.4,8.0,0.0124,6.6,231.0,6.0,Ib
횡성,2021,8,7.6,2.2,2.5,7.5,0.01,9.8,309.0,2.0,II
횡성,2021,9,7.5,2.2,2.6,7.7,0.0093,7.4,222.0,26.0,Ib
횡성,2021,10,7.7,2.2,1.9,7.4,0.0109,8.1143,178.0,4.0,Ib
횡성,2021,11,7.8,2.1,1.8,7.0,0.0106,2.1,107.0,3.0,Ib
횡성,2021,12,7.6,2.1,2.8,9.8,0.0094,3.8,32.0,1.0,Ib
횡성,2022,1,,,,,,,,,Vl
횡성,2022,2,,,,,,,,,Vl
횡성,2022,3,7.5,1.8,1.2,10.4,0.0091,3.8,10.0,0.0,Ib
횡성,2022,4,7.9,1.8,1.0,10.8,0.008,5.3,7.0,0.0,Ib
횡성,2022,5,8.0,1.7,1.7,9.8,0.0113,9.9,17.0,1.0,II
횡성,2022,6,8.0,2.5,2.0,8.4,0.015,12.7,16.0,0.0,II
횡성,2022,7,7.5,2.3,1.9,7.2,0.0157,5.8,1467.0,41.0,III
횡성,2022,8,7.4,2.6,1.3,6.8,0.0137,10.5,3408.0,1.0,III
횡성,2022,9,7.6,1.4,3.8,7.2,0.0109,4.4,1177.0,13.0,III
횡성,2022,10,7.7,2.0,2.7,7.0,0.0106,9.8,807.0,1.0,II
횡성,2022,11,7.4,1.7,1.3,7.3,0.0117,2.7,67.0,1.0,Ib
횡성,2022,12,7.6,2.0,1.8,9.2,0.0097,6.5,9.0,1.0,Ib
